CODIGO_ESTABLECIMIENTO,NOMBRE_ESTABLECIMIENTO,NOMBRE_REGION,COMUNA,ASISTENCIA_PROMEDIO_ANUAL_DEL_ESTABLECIMIENTO
1107008,CARITA DE SOL,TARAPACÁ,ALTO HOSPICIO,76.75661375661376
1107016,OASIS DEL SABER,TARAPACÁ,ALTO HOSPICIO,80.7235142118863
1107017,INTINA WAWAPA,TARAPACÁ,ALTO HOSPICIO,85.1523569023569
1107018,LOS NARANJOS,TARAPACÁ,ALTO HOSPICIO,82.75777777777779
1107019,TORTUGUITAS,TARAPACÁ,ALTO HOSPICIO,70.02555555555554
1107020,SUMA INTI,TARAPACÁ,ALTO HOSPICIO,84.01470588235294
1107021,ARUMANTI,TARAPACÁ,ALTO HOSPICIO,87.4465811965812
1107022,LUCERITO DORADO,TARAPACÁ,ALTO HOSPICIO,90.10483870967741
1107023,AVENTURAS DE APRENDER,TARAPACÁ,ALTO HOSPICIO,75.23717948717949
1107024,ARCOIRIS DEL DESIERTO,TARAPACÁ,ALTO HOSPICIO,84.30555555555557
1107025,MAGIA DE APRENDER,TARAPACÁ,ALTO HOSPICIO,78.5491452991453
1107028,MI PEQUEÑO MUNDO,TARAPACÁ,ALTO HOSPICIO,77.99893162393161
1402006,SEMILLITA DE CAMIÑA,TARAPACÁ,CAMIÑA,54.402777777777786
1403005,INTI JALSU,TARAPACÁ,COLCHANE,39.782051282051285
1405001,LOS PIQUEÑITOS,TARAPACÁ,PICA,51.81617647058824
2101015,ESPERANZA,ANTOFAGASTA,ANTOFAGASTA,71.7408088235294
2101016,RIQUEZA ESCONDIDA,ANTOFAGASTA,ANTOFAGASTA,80.08836206896552
2101017,MI RINCONCITO FELIZ,ANTOFAGASTA,ANTOFAGASTA,71.71195652173913
2101018,PEDACITO DE SOL,ANTOFAGASTA,ANTOFAGASTA,68.8875
2101047,ARBOLÍA,ANTOFAGASTA,ANTOFAGASTA,76.32451923076923
2101048,CABALLITO DE MAR,ANTOFAGASTA,ANTOFAGASTA,70.98317307692307
2101049,PORTAL DE BELÉN,ANTOFAGASTA,ANTOFAGASTA,75.7548076923077
2101050,PANKARITA,ANTOFAGASTA,ANTOFAGASTA,77.6358173076923
2101051,SUEÑOS DE COLORES,ANTOFAGASTA,ANTOFAGASTA,73.08052884615385
2101057,PERLITAS DEL DESIERTO,ANTOFAGASTA,ANTOFAGASTA,79.98437500000001
2201002,CRECIENDO JUNTOS,ANTOFAGASTA,CALAMA,79.91132478632478
2201003,INTI-LLACTA,ANTOFAGASTA,CALAMA,81.7233455882353
2201004,MI PEQUEÑO OASIS,ANTOFAGASTA,CALAMA,78.89695340501792
2201005,MIS PASITOS,ANTOFAGASTA,CALAMA,77.40625
2201006,LICKAN PANHI,ANTOFAGASTA,CALAMA,77.13141025641026
2201007,SOL Y COBRE,ANTOFAGASTA,CALAMA,77.59615384615385
2201008,CARACOL MANTA,ANTOFAGASTA,CALAMA,77.15625
2201009,NIDITO DE ÁNGELES,ANTOFAGASTA,CALAMA,78.9951923076923
2201010,YACKUS PAUNA,ANTOFAGASTA,CALAMA,82.63271604938271
2102001,PEDACITO DE CIELO,ANTOFAGASTA,MEJILLONES,63.970000000000006
2102020,CARACOLITO,ANTOFAGASTA,MEJILLONES,70.99609375
2104002,CARACOLITO,ANTOFAGASTA,TALTAL,83.56666666666666
2104003,CORALITO,ANTOFAGASTA,TALTAL,77.63675213675214
2301034,ESTRELLITAS DEL PACÍFICO,ANTOFAGASTA,TOCOPILLA,76.68115942028986
3102006,MI PEQUEÑA ESTRELLA,ATACAMA,CALDERA,68.87797619047619
3102007,DESIERTO FLORIDO,ATACAMA,CALDERA,61.50000000000001
3102008,LAS DUNAS DE ATACAMA,ATACAMA,CALDERA,56.66589861751154
3101019,SEMILLITAS DE PLATA,ATACAMA,COPIAPÓ,77.50416666666668
3101020,ALICANTO,ATACAMA,COPIAPÓ,77.75099206349206
3101030,GOTITAS DEL DESIERTO,ATACAMA,COPIAPÓ,75.64583333333333
3101031,MANUEL RODRÍGUEZ,ATACAMA,COPIAPÓ,59.6978021978022
3101033,OLLANTAY,ATACAMA,COPIAPÓ,78.50824175824175
3101034,LICKANANTAY,ATACAMA,COPIAPÓ,56.370879120879124
3101036,SEMILLITAS DEL CHAÑAR,ATACAMA,COPIAPÓ,83.71153846153845
3101037,CANTARITO DE GREDA,ATACAMA,COPIAPÓ,77.63461538461539
3101038,VIÑITAS DEL PALOMAR,ATACAMA,COPIAPÓ,70.72596153846153
3101039,PUEBLITO DE SAN FERNANDO,ATACAMA,COPIAPÓ,76.9940476190476
3101040,PUNTA NEGRA,ATACAMA,COPIAPÓ,78.2800925925926
3101041,ATACAMITA,ATACAMA,COPIAPÓ,79.37912087912088
3101042,CORONA DEL INCA,ATACAMA,COPIAPÓ,82.43253968253968
3101044,AGUAS BLANCAS,ATACAMA,COPIAPÓ,76.43464052287581
3101045,COLONIAS EXTRANJERAS,ATACAMA,COPIAPÓ,77.07692307692308
3303001,LOS GRILLITOS,ATACAMA,FREIRINA,46.02777777777778
3303007,CAMPANITAS,ATACAMA,FREIRINA,61.651851851851845
3303008,MI SOL,ATACAMA,FREIRINA,48.980769230769226
3303009,ABEJITAS,ATACAMA,FREIRINA,46.50864197530865
3103011,NANTOQUITOS DEL VALLE,ATACAMA,TIERRA AMARILLA,62.111111111111114
3301003,RAYITO DE SOL,ATACAMA,VALLENAR,74.52009456264774
3301014,PABLO NERUDA,ATACAMA,VALLENAR,62.06196581196581
3301017,MEMBRILLAR,ATACAMA,VALLENAR,75.81884057971014
3301018,VISTA ALEGRE,ATACAMA,VALLENAR,58.86772486772487
4103011,SOLES DE ORO,COQUIMBO,ANDACOLLO,80.19798474945534
4202001,LAS HORMIGUITAS,COQUIMBO,CANELA,68.17735042735043
4202007,LAS ARDILLITAS,COQUIMBO,CANELA,75.86545454545454
4302013,MIS PRIMEROS PASOS,COQUIMBO,COMBARBALÁ,70.26433691756273
4302014,SEMILLITAS DE AMOR,COQUIMBO,COMBARBALÁ,63.565789473684205
4102014,JUAN PABLO II,COQUIMBO,COQUIMBO,67.84166666666667
4102015,PEDACITO DE CIELO,COQUIMBO,COQUIMBO,78.07034632034633
4102017,SANTO TOMAS DE AQUINO,COQUIMBO,COQUIMBO,71.33746693121694
4102018,FERNANDO BINVIGNAT,COQUIMBO,COQUIMBO,78.3925925925926
4102042,INTERCULTURAL,COQUIMBO,COQUIMBO,59.45940170940172
4102044,SAN RAFAEL,COQUIMBO,COQUIMBO,75.13541666666667
4102046,CORAZONES MÁGICOS,COQUIMBO,COQUIMBO,66.30742821473159
4102047,ESCUELA BILBAO,COQUIMBO,COQUIMBO,72.23888888888888
4102049,NIDITO DE AMOR,COQUIMBO,COQUIMBO,73.20701058201058
4201004,MI PEQUEÑO TESORO,COQUIMBO,ILLAPEL,74.06631944444445
4201005,MI PRIMER HORIZONTE,COQUIMBO,ILLAPEL,66.99291666666667
4201006,MI MUNDO PEQUEÑO,COQUIMBO,ILLAPEL,71.83159722222221
4201023,HORMIGUITAS,COQUIMBO,ILLAPEL,88.42719534050181
4201024,SEMILLITAS DEL SABER,COQUIMBO,ILLAPEL,83.9679659498208
4201025,LIMAHUIDA,COQUIMBO,ILLAPEL,89.89135304659499
4104001,CAPULLITO,COQUIMBO,LA HIGUERA,37.01126126126126
4104003,SIRENITA,COQUIMBO,LA HIGUERA,40.29242424242424
4104011,LOS PECESCTOS,COQUIMBO,LA HIGUERA,62.725694444444436
4104012,LAS GAVIOTAS,COQUIMBO,LA HIGUERA,33.278125
4101011,COLONIAL,COQUIMBO,LA SERENA,53.36851851851851
4101012,MANITAS PEQUEÑAS,COQUIMBO,LA SERENA,45.42746913580247
4101019,DIENTES DE LECHE,COQUIMBO,LA SERENA,54.602777777777774
4101045,LOS PEQUEÑOS CARRERITAS,COQUIMBO,LA SERENA,67.88645833333334
4101046,ESTRELLITA DEL ORIENTE,COQUIMBO,LA SERENA,58.30806010928961
4101047,EL TRENCITO,COQUIMBO,LA SERENA,49.22106481481482
4101056,LOS PAYASITOS,COQUIMBO,LA SERENA,47.31944444444444
4101057,EL ARRAYÁN,COQUIMBO,LA SERENA,57.252097635392815
4101060,LOS PECESITOS,COQUIMBO,LA SERENA,65.32074074074075
4101061,SUYAI,COQUIMBO,LA SERENA,66.27441756272401
4101062,RAYITO DE LUZ Y ESPERANZA,COQUIMBO,LA SERENA,61.57309027777777
4101063,INTERCULTURAL PUCARÁ,COQUIMBO,LA SERENA,57.61333333333334
4101064,LOS PEQUEÑITOS DEL VALLE,COQUIMBO,LA SERENA,65.16016081871344
4101065,CASTILLO DE MILAGROS,COQUIMBO,LA SERENA,75.2671875
4101067,ARCOÍRIS DE SUEÑOS,COQUIMBO,LA SERENA,51.58388888888889
4101077,GIRASOLES,COQUIMBO,LA SERENA,67.94629629629631
4203003,VALLE FELIZ,COQUIMBO,LOS VILOS,49.2718253968254
4203015,NICOLÁS FEDERICO LOHSE VARGAS,COQUIMBO,LOS VILOS,87.38333333333334
4203016,FELIPE Y CAROLA,COQUIMBO,LOS VILOS,29.583781362007166
4203018,ANGELITOS DE AMOR,COQUIMBO,LOS VILOS,36.41898148148148
4203019,NIDITO DE ANGEL,COQUIMBO,LOS VILOS,35.13333333333333
4203022,MIRAMAR,COQUIMBO,LOS VILOS,72.45743727598567
4303014,PELUSITAS,COQUIMBO,MONTE PATRIA,53.681250000000006
4303015,MANZANITA,COQUIMBO,MONTE PATRIA,68.13497150997149
4303017,PULGARCITO,COQUIMBO,MONTE PATRIA,68.85796645702305
4303018,CARACOLITOS,COQUIMBO,MONTE PATRIA,44.16768790849673
4303019,MONTAÑITAS,COQUIMBO,MONTE PATRIA,49.65613799283154
4303020,CALABACITAS,COQUIMBO,MONTE PATRIA,71.31586021505377
4301008,CAMPANITA DE PETER PAN,COQUIMBO,OVALLE,75.99252136752136
4301009,SOLCITO DEL VALLE,COQUIMBO,OVALLE,81.28534544159545
4301020,LAS ARDILLITAS,COQUIMBO,OVALLE,74.20100308641975
4301032,SELIM DABED GOLOTT,COQUIMBO,OVALLE,74.04983660130718
4301042,LOS PECECITOS,COQUIMBO,OVALLE,56.459375
4301056,LOS ACACIOS,COQUIMBO,OVALLE,50.5875
4301058,SUEÑITOS DEL MAÑANA,COQUIMBO,OVALLE,76.78802910052912
4301059,ESTRELLITA,COQUIMBO,OVALLE,90.91111111111111
4301060,LOS SAUCES,COQUIMBO,OVALLE,82.47222222222223
4301061,SEMILLITAS DEL FUTURO,COQUIMBO,OVALLE,68.50909391534391
4301062,TUS PRIMEROS PASOS,COQUIMBO,OVALLE,76.30621693121694
4301063,ARCOIRIS,COQUIMBO,OVALLE,70.24537037037038
4105002,DULZURA,COQUIMBO,PAIHUANO,60.370370370370374
4105003,DAME LA MANO,COQUIMBO,PAIHUANO,65.83333333333334
4105004,MANITAS,COQUIMBO,PAIHUANO,50.80000000000001
4105011,JERÓNIMO GODOY ,COQUIMBO,PAIHUANO,56.627604166666664
4105012,LA ORTIGA,COQUIMBO,PAIHUANO,30.82638888888889
4105013,GABRIELA MISTRAL,COQUIMBO,PAIHUANO,58.77916666666666
4304002,CUNITA DE ORO,COQUIMBO,PUNITAQUI,62.40555555555556
4304008,LAS ARDILLITAS,COQUIMBO,PUNITAQUI,75.46661324786325
4304011,LOS MOLINITOS,COQUIMBO,PUNITAQUI,72.3971688034188
4204003,TERNURA,COQUIMBO,SALAMANCA,80.734375
4204004,EL ÁRBOL DEL CONOCIMIENTO,COQUIMBO,SALAMANCA,88.35439068100358
4106002,LAS CUNCUNITAS,COQUIMBO,VICUÑA,58.743589743589745
4106005,SONRISITAS DEL VALLE,COQUIMBO,VICUÑA,61.08203125
4106011,CAMPANITAS DE COBRE,COQUIMBO,VICUÑA,51.62268518518519
4106013,LUZ DEL VALLE,COQUIMBO,VICUÑA,54.96701388888889
4106019,MISHKY PUÑUY,COQUIMBO,VICUÑA,29.504557291666668
4106020,PIECECITOS DE NIÑO,COQUIMBO,VICUÑA,55.941798941798936
4106021,GIRASOLES DE ELQUI,COQUIMBO,VICUÑA,64.68253968253968
4106024,ABEJITAS DORADAS,COQUIMBO,VICUÑA,42.8415404040404
4106025,ESPEJITOS DE SOL,COQUIMBO,VICUÑA,77.84461805555556
5602001,LOS CLAVELES,VALPARAÍSO,ALGARROBO,53.04320987654321
5602002,MIRASOL,VALPARAÍSO,ALGARROBO,66.5064484126984
5402002,RINCONCITO,VALPARAÍSO,CABILDO,81.23504273504274
5402004,SANTA MARTA,VALPARAÍSO,CABILDO,74.63095238095238
5502002,LAS ACACIAS,VALPARAÍSO,CALERA,55.54059829059829
5502003,SANTA ROSA DEL HUERTO,VALPARAÍSO,CALERA,70.30341880341881
5502004,LOS AROMITOS,VALPARAÍSO,CALERA,66.52020202020202
5502005,JOSEFINA HUICI,VALPARAÍSO,CALERA,68.6474358974359
5502006,REPÚBLICA PALESTINA,VALPARAÍSO,CALERA,62.29487179487179
5502008,PEDRO DE VALDIVIA,VALPARAÍSO,CALERA,71.04059829059828
5502009,VILLA O'HIGGINS,VALPARAÍSO,CALERA,72.67735042735043
5502010,LOS PITUFOS,VALPARAÍSO,CALERA,56.10042735042734
5502011,LA ARBOLEDA,VALPARAÍSO,CALERA,53.220085470085465
5302001,RINCONCITO,VALPARAÍSO,CALLE LARGA,66.99358974358974
5302002,VALLE ALEGRE,VALPARAÍSO,CALLE LARGA,54.764384920634924
5302003,SAN VICENTE,VALPARAÍSO,CALLE LARGA,77.70403439153439
5603001,CARITA DE LUNA,VALPARAÍSO,CARTAGENA,77.49679487179488
5603002,SUEÑO DE NIÑOS,VALPARAÍSO,CARTAGENA,66.09861111111111
5603003,CARIÑOS DE MICHELLE,VALPARAÍSO,CARTAGENA,73.6916335978836
5603004,CARDENAL RAÚL SILVA HENRÍQUEZ,VALPARAÍSO,CARTAGENA,66.71180555555556
5102002,PAPELUCHO,VALPARAÍSO,CASABLANCA,75.35714285714286
5102004,EL VALLE DE ALBERTO,VALPARAÍSO,CASABLANCA,88.55208333333331
5102005,CANTO DEL BOSQUE,VALPARAÍSO,CASABLANCA,73.44999999999999
5102006,ABEJITA DE MIEL,VALPARAÍSO,CASABLANCA,53.24014336917563
5702002,LOS ENANITOS,VALPARAÍSO,CATEMÚ,72.7008547008547
5702003,TAÑI RUKA,VALPARAÍSO,CATEMÚ,60.77991452991453
5702004,VILLA EL SOL,VALPARAÍSO,CATEMÚ,80.34401709401709
5702005,LOS ANGELITOS DE SAN JOSÉ,VALPARAÍSO,CATEMÚ,42.42222222222222
5702006,LA CASITA DEL SOL,VALPARAÍSO,CATEMÚ,79.5405982905983
5103002,CONCONCITO,VALPARAÍSO,CONCÓN,77.59312500000001
5103003,PUENTE COLMO,VALPARAÍSO,CONCÓN,81.48931623931624
5103004,MAUQUITOS,VALPARAÍSO,CONCÓN,82.78306878306879
5604001,VILLA MARINA,VALPARAÍSO,EL QUISCO,54.231837606837615
5605001,CARITAS DE ANGEL,VALPARAÍSO,EL TABO,87.44593253968253
5503001,LAS FLORCITAS,VALPARAÍSO,HIJUELAS,72.20619658119658
5503002,ILUSIÓN,VALPARAÍSO,HIJUELAS,85.29273504273505
5503003,LOS RABUQUITOS,VALPARAÍSO,HIJUELAS,81.39957264957266
5503004,VIRGEN DE PETORQUITA,VALPARAÍSO,HIJUELAS,75.05769230769232
5503005,LOS TRENCITOS DE OCOA,VALPARAÍSO,HIJUELAS,85.33974358974359
5504001,LEONARDO DA VINCI,VALPARAÍSO,LA CRUZ,76.1430224867725
5504002,LOS PALTINES,VALPARAÍSO,LA CRUZ,80.07109788359789
5504003,MARÍA ALONSO CHACÓN,VALPARAÍSO,LA CRUZ,77.728515625
5504004,DOMINGO SANTA CRUZ WILSON,VALPARAÍSO,LA CRUZ,43.2734375
5401002,SANTA TERESA,VALPARAÍSO,LA LIGUA,68.97621158392435
5401003,PULMAHUE,VALPARAÍSO,LA LIGUA,58.718253968253975
5401004,MANITOS DE COLORES,VALPARAÍSO,LA LIGUA,53.68014705882352
5401005,MANITOS DE ANGEL,VALPARAÍSO,LA LIGUA,49.611111111111114
5401006,EL CARMEN CUNCUNITA,VALPARAÍSO,LA LIGUA,88.1388888888889
5401007,HUMBERTO BASULTO,VALPARAÍSO,LA LIGUA,73.19230769230768
5802004,SUEÑOS DE AMOR,VALPARAÍSO,LIMACHE,85.85042735042735
5802005,TIERRA Y LUZ,VALPARAÍSO,LIMACHE,79.83333333333333
5802006,PEQUEÑOS HÉROES,VALPARAÍSO,LIMACHE,89.5082671957672
5703004,MAZORQUITA,VALPARAÍSO,LLAY LLAY,81.44212962962962
5703005,SEMILLITAS DE AMOR,VALPARAÍSO,LLAY LLAY,75.11324786324785
5703006,LOS CAPULLITOS,VALPARAÍSO,LLAY LLAY,80.2820512820513
5703007,LAS LUCIERNAGAS,VALPARAÍSO,LLAY LLAY,82.5705128205128
5703008,MIRASOL,VALPARAÍSO,LLAY LLAY,80.93055555555556
5301004,PORTALITOS DE DANIELA,VALPARAÍSO,LOS ANDES,76.81531084656085
5301005,LUZ DE LUNA,VALPARAÍSO,LOS ANDES,66.08760683760686
5301006,MI MUNDO DE COLORES,VALPARAÍSO,LOS ANDES,62.765873015873005
5301007,CUNCUNA RAYITO DE LUNA,VALPARAÍSO,LOS ANDES,85.91239316239316
5301008,PASITOS ANDINOS,VALPARAÍSO,LOS ANDES,70.86755952380953
5506003,LA PEÑA,VALPARAÍSO,NOGALES,77.92222222222222
5506004,MELONCITO,VALPARAÍSO,NOGALES,76.39781746031747
5803002,LAS ACACIAS,VALPARAÍSO,OLMUÉ,81.50264550264549
5803003,NIDO DE CÓNDORES,VALPARAÍSO,OLMUÉ,68.6536044973545
5704001,TIPITÍN,VALPARAÍSO,PANQUEHUE,78.68071643071643
5704003,ENANITOS DEL BOSQUE,VALPARAÍSO,PANQUEHUE,85.22222222222221
5403001,RAYITO DE SOL,VALPARAÍSO,PAPUDO,57.50181878306878
5403002,BARQUITO DE PAPEL,VALPARAÍSO,PAPUDO,90.73828125000001
5404001,LAMPARITA,VALPARAÍSO,PETORCA,64.17307692307692
5404002,MUNDO DE PEQUES ,VALPARAÍSO,PETORCA,73.07777777777777
5404003,MIS PRIMEROS PASOS,VALPARAÍSO,PETORCA,32.87222222222223
5105001,SEMILLITA,VALPARAÍSO,PUCHUNCAVÍ,87.0473588342441
5105002,CABALLITO DE MAR,VALPARAÍSO,PUCHUNCAVÍ,83.47734788359789
5105003,SIRENITA,VALPARAÍSO,PUCHUNCAVÍ,78.77225783475782
5105005,RENACER,VALPARAÍSO,PUCHUNCAVÍ,81.65159214092141
5105006,LOS CONEJITOS,VALPARAÍSO,PUCHUNCAVÍ,76.810546875
5105007,MI MUNDO FELIZ,VALPARAÍSO,PUCHUNCAVÍ,75.57225529100529
5705002,PAKARIN,VALPARAÍSO,PUTAENDO,60.880341880341874
5705003,HUIPU-PEIKIÑA,VALPARAÍSO,PUTAENDO,59.68376068376068
5705004,MILLAHUE,VALPARAÍSO,PUTAENDO,64.06597222222223
5705005,ANTU YAMPAI,VALPARAÍSO,PUTAENDO,44.40833333333334
5501005,RUISEÑOR,VALPARAÍSO,QUILLOTA,67.5977366255144
5501006,OSO PANDA,VALPARAÍSO,QUILLOTA,80.2826797385621
5501007,CAPERUCITA,VALPARAÍSO,QUILLOTA,71.74652777777779
5501008,PUTUPUR,VALPARAÍSO,QUILLOTA,76.42542989417991
5501009,CUNCUNITA FELIZ,VALPARAÍSO,QUILLOTA,80.34325396825398
5501010,SUEÑOS DE LUNA Y SOL,VALPARAÍSO,QUILLOTA,72.6521164021164
5501011,PEQUEÑO PARAÍSO,VALPARAÍSO,QUILLOTA,77.88141025641025
5501012,PEQUEÑOS PINTORES,VALPARAÍSO,QUILLOTA,72.45071684587813
5501013,SOL Y TIERRA,VALPARAÍSO,QUILLOTA,74.29847756410255
5801002,VALLE DE SOL,VALPARAÍSO,QUILPUÉ,82.33862903225805
5801003,LAS TORTOLITAS,VALPARAÍSO,QUILPUÉ,79.97833994708995
5801005,AYELEN,VALPARAÍSO,QUILPUÉ,73.12301587301587
5801007,SOL NACIENTE,VALPARAÍSO,QUILPUÉ,66.50231481481482
5801008,PULGARCITO,VALPARAÍSO,QUILPUÉ,78.93568121693121
5801009,KUNGA,VALPARAÍSO,QUILPUÉ,68.33978174603175
5801011,MANUEL BULNES,VALPARAÍSO,QUILPUÉ,68.49128787878786
5801012,ARCO IRIS,VALPARAÍSO,QUILPUÉ,71.44551282051282
5801014,PEQUEÑOS OLÍMPICOS,VALPARAÍSO,QUILPUÉ,79.30406746031747
5107001,VALLE DE NARAU,VALPARAÍSO,QUINTERO,73.3341714559387
5107002,LIDIA IRACHET ZABALA,VALPARAÍSO,QUINTERO,73.95030381944446
5107003,TÍO JOSÉ,VALPARAÍSO,QUINTERO,55.65922619047618
5107004,MICHELLE BACHELET JERIA,VALPARAÍSO,QUINTERO,58.61507936507936
5601003,PECESITOS DE COLORES,VALPARAÍSO,SAN ANTONIO,76.69598765432099
5601004,PEQUEÑOS CONQUISTADORES,VALPARAÍSO,SAN ANTONIO,76.85135582010582
5601005,POETA PABLO NERUDA,VALPARAÍSO,SAN ANTONIO,71.359375
5601006,LAS CARACOLAS,VALPARAÍSO,SAN ANTONIO,74.84722222222221
5601007,PAÑUD,VALPARAÍSO,SAN ANTONIO,78.00694444444444
5601008,NUBECITA DE ALGODÓN,VALPARAÍSO,SAN ANTONIO,76.42222222222223
5601009,BARQUITO DE PAPEL,VALPARAÍSO,SAN ANTONIO,69.89285714285714
5601010,BELLO HORIZONTE,VALPARAÍSO,SAN ANTONIO,78.6332671957672
5601011,DUENDECITO DE LO GALLARDO,VALPARAÍSO,SAN ANTONIO,76.95072751322752
5601012,ESTRELLITA DE MAR,VALPARAÍSO,SAN ANTONIO,81.06531084656083
5601013,MI MUNDO DE COLORES,VALPARAÍSO,SAN ANTONIO,76.82192460317461
5601014,TESOROS DEL MAR,VALPARAÍSO,SAN ANTONIO,68.95155423280424
5304001,LOS CARIÑOSITOS,VALPARAÍSO,SAN ESTEBAN,80.84143518518519
5701003,LAS CUNCUNITAS,VALPARAÍSO,SAN FELIPE,59.698412698412696
5701004,SOL NACIENTE,VALPARAÍSO,SAN FELIPE,62.832175925925924
5701005,LOS PINGUINITOS,VALPARAÍSO,SAN FELIPE,59.2545405982906
5701006,EL RINCÓN DE LOS ANGELITOS,VALPARAÍSO,SAN FELIPE,68.82828282828282
5701007,ALMENDRITAS,VALPARAÍSO,SAN FELIPE,80.14880952380953
5701008,BURBUJITAS DE COLORES,VALPARAÍSO,SAN FELIPE,72.21581196581197
5701009,EL CASTILLO DE COLORES,VALPARAÍSO,SAN FELIPE,71.70192307692307
5701010,CONEJITOS SALTARINES,VALPARAÍSO,SAN FELIPE,72.53952991452992
5706002,PULGARCITA,VALPARAÍSO,SANTA MARÍA,67.91104497354497
5706003,CASTILLO DE LA ALEGRÍA,VALPARAÍSO,SANTA MARÍA,63.40384615384615
5706004,CAMPANITA DE JAHUEL,VALPARAÍSO,SANTA MARÍA,66.43376068376068
5606001,LOS PRADOS,VALPARAÍSO,SANTO DOMINGO,66.48611111111111
5606002,LOS MAITENES,VALPARAÍSO,SANTO DOMINGO,72.29315476190476
5606003,MADRE TIERRA (EL CONVENTO),VALPARAÍSO,SANTO DOMINGO,46.22061965811965
5101016,CIUDAD DE BERLÍN,VALPARAÍSO,VALPARAÍSO,74.54761904761905
5101017,MÉXICO,VALPARAÍSO,VALPARAÍSO,62.799793144208024
5101018,ESCUELA FLORIDA,VALPARAÍSO,VALPARAÍSO,67.58119658119656
5101021,CHICO MARK,VALPARAÍSO,VALPARAÍSO,57.313492063492056
5101023,PEQUEÑOS GENIOS,VALPARAÍSO,VALPARAÍSO,73.345703125
5101024,TORTUGUITAS,VALPARAÍSO,VALPARAÍSO,53.042658730158735
5101025,JOYITA DEL PACÍFICO,VALPARAÍSO,VALPARAÍSO,56.56068121693122
5101026,MI PEQUEÑO PUERTO,VALPARAÍSO,VALPARAÍSO,63.4017094017094
5101027,VALPARANIÑOS,VALPARAÍSO,VALPARAÍSO,66.90393518518518
5101031,MONTEDONICO,VALPARAÍSO,VALPARAÍSO,60.9421977124183
5101033,VOLANTÍN DE COLORES,VALPARAÍSO,VALPARAÍSO,57.40939153439153
5804003,MARIANITA,VALPARAÍSO,VILLA ALEMANA,68.93333333333332
5804004,AMERICAN GARDEN,VALPARAÍSO,VILLA ALEMANA,66.99786324786324
5804005,NUBELU,VALPARAÍSO,VILLA ALEMANA,82.36706349206348
5804006,AGUALUNA,VALPARAÍSO,VILLA ALEMANA,73.91550925925925
5804007,ENTRESUEÑOS,VALPARAÍSO,VILLA ALEMANA,70.00213675213675
5109014,SEMILLITAS DE ESPERANZA,VALPARAÍSO,VIÑA DEL MAR,66.79877645502646
5109015,JOHN KENNEDY,VALPARAÍSO,VIÑA DEL MAR,83.3298611111111
5109021,REPÚBLICA DE COLOMBIA,VALPARAÍSO,VIÑA DEL MAR,69.17521367521367
5109024,HERMANOS CLARK (TÍA CECILIA),VALPARAÍSO,VIÑA DEL MAR,77.73718434343435
5109011,TÍA COTY,VALPARAÍSO,VIÑA DEL MAR,84.53888888888888
5109016,TÍA VIRGINIA,VALPARAÍSO,VIÑA DEL MAR,65.16972222222223
5109017,LOS 7 ENANITOS,VALPARAÍSO,VIÑA DEL MAR,68.78044871794872
5109019,PEQUEÑOS PASITOS,VALPARAÍSO,VIÑA DEL MAR,72.2546977124183
5109020,TÍA MICHELLE,VALPARAÍSO,VIÑA DEL MAR,70.67483660130719
5109023,LOS PALTITOS,VALPARAÍSO,VIÑA DEL MAR,67.33862433862434
5109025,LAS PALMAS CHILENAS,VALPARAÍSO,VIÑA DEL MAR,73.99893162393163
5405001,LOS PEQUES,VALPARAÍSO,ZAPALLAR,76.70238095238095
5405002,OSITOS CARIÑOSITOS,VALPARAÍSO,ZAPALLAR,81.36987433862434
5405003,ESTRELLITA DE MAR,VALPARAÍSO,ZAPALLAR,71.43162393162393
6302401,CARIÑOSITOS,O’HIGGINS,CHÉPICA,64.23333333333333
6302402,SEMILLITA,O’HIGGINS,CHÉPICA,70.0534188034188
6302403,CIELO AZUL,O’HIGGINS,CHÉPICA,71.23931623931624
6303401,NUESTRA SEÑORA DE LA MERCED,O’HIGGINS,CHIMBARONGO,77.25231481481481
6303402,BAMBI,O’HIGGINS,CHIMBARONGO,77.58547008547009
6303403,ARCOIRIS,O’HIGGINS,CHIMBARONGO,75.64743589743591
6303404,SAN JOSÉ,O’HIGGINS,CHIMBARONGO,81.767094017094
6102401,PASITOS DEL CARMEN,O’HIGGINS,CODEGUA,79.54040404040404
6103401,MANZANITA,O’HIGGINS,COINCO,53.30555555555555
6103402,SEMILLITA,O’HIGGINS,COINCO,61.950854700854684
6104401,PAYASITO,O’HIGGINS,COLTAUCO,82.81746031746032
6104402,AYENHUE LUGAR DIVERTIDO,O’HIGGINS,COLTAUCO,86.22435897435898
6104403,TÍAS NUVIA,O’HIGGINS,COLTAUCO,83.74358974358974
6104404,AURORA,O’HIGGINS,COLTAUCO,76.10555555555555
6105401,LOS CHAMANTITOS,O’HIGGINS,DOÑIHUE,67.93981481481481
6105402,FANTASÍA,O’HIGGINS,DOÑIHUE,81.13636363636364
6105403,MARÍA ENRIQUETA AROS,O’HIGGINS,DOÑIHUE,83.78042328042328
6106401,LOS PITUFOS,O’HIGGINS,GRANEROS,79.66222222222223
6106403,RAYITO DE LUNA,O’HIGGINS,GRANEROS,80.11111111111111
6106404,DULCES SUEÑOS,O’HIGGINS,GRANEROS,81.53047263681592
6106404,DULCES SUEÑOS,O’HIGGINS,GRANEROS,81.53047263681592
6202401,SAN JOSÉ,O’HIGGINS,LA ESTRELLA,58.94097222222222
6107401,MANZANITAS MÁGICAS,O’HIGGINS,LAS CABRAS,69.64529914529915
6107402,GIRASOL,O’HIGGINS,LAS CABRAS,80.27272727272728
6107403,LLAVERÍA,O’HIGGINS,LAS CABRAS,51.04444444444444
6107404,AYELEN,O’HIGGINS,LAS CABRAS,63.34444444444445
6304401,ANGELITOS,O’HIGGINS,LOLOL,76.61324786324786
6304402,CANGREJITOS,O’HIGGINS,LOLOL,74.74444444444444
6108401,TÍA MIRELLA,O’HIGGINS,MACHALÍ,74.16419753086419
6108402,LOS TRICAHUTOS COYA,O’HIGGINS,MACHALÍ,76.06111111111112
6108403,EL MAITÉN,O’HIGGINS,MACHALÍ,79.50222222222223
6108404,AMANAKI,O’HIGGINS,MACHALÍ,75.41333333333333
6108405,SANTA TERESA,O’HIGGINS,MACHALÍ,63.47999999999999
6108406,PEQUEÑO DUENDE,O’HIGGINS,MACHALÍ,72.6388888888889
6109402,LOS CARIÑOSITOS,O’HIGGINS,MALLOA,76.07905982905983
6109404,LOS AMIGUITOS DE MALLOA,O’HIGGINS,MALLOA,71.0982905982906
6109405,CUNCUNITA,O’HIGGINS,MALLOA,67.1517094017094
6204401,FRUTILLITAS,O’HIGGINS,MARCHIGUE,59.726495726495735
6110401,LOS PUNTITOS,O’HIGGINS,MOSTAZAL,80.69658119658119
6110402,HUELLAS DE NIÑOS,O’HIGGINS,MOSTAZAL,75.61324786324786
6110403,CREANDO SUEÑOS,O’HIGGINS,MOSTAZAL,87.35582010582011
6205401,LOS BOTECITOS,O’HIGGINS,NAVIDAD,54.047008547008545
6306401,GOTITAS DE LUNA,O’HIGGINS,PALMILLA,53.100529100529094
6306402,ORILLITAS DE RIO,O’HIGGINS,PALMILLA,49.80658436213992
6307402,GIRASOL,O’HIGGINS,PERALILLO,67.45899470899471
6307403,MI TESORO,O’HIGGINS,PERALILLO,78.74572649572649
6307404,LOS GRILLITOS,O’HIGGINS,PERALILLO,82.32986111111111
6307405,ORUGUITA,O’HIGGINS,PERALILLO,66.30341880341881
6112401,EL PORVENIR,O’HIGGINS,PEUMO,73.47863247863249
6112402,LOS NARANJITOS,O’HIGGINS,PEUMO,63.369658119658126
6112403,RENACER,O’HIGGINS,PEUMO,70.40170940170938
6113402,LOS TIERNECITOS,O’HIGGINS,PICHIDEGUA,61.84136212624585
6113404,FRUTITOS DEL CAMPO,O’HIGGINS,PICHIDEGUA,61.524216524216534
6113405,RAYITO DE SOL,O’HIGGINS,PICHIDEGUA,52.919312169312164
6113407,PASITOS DE LA ORILLA,O’HIGGINS,PICHIDEGUA,52.098290598290596
6113408,RUEDITAS DE LARMAHUE,O’HIGGINS,PICHIDEGUA,68.1540404040404
6201401,RAYITO DE SOL,O’HIGGINS,PICHILEMU,88.78205128205127
6201402,LOS GRILLITOS,O’HIGGINS,PICHILEMU,56.740740740740726
6308403,LOS PAMPANITOS,O’HIGGINS,PLACILLA,49.16402116402116
6308404,GOTITAS DE AMOR,O’HIGGINS,PLACILLA,60.855555555555554
6101401,SANTA GEMITA,O’HIGGINS,RANCAGUA,71.69328703703704
6101402,MUNDO ENCANTADO,O’HIGGINS,RANCAGUA,60.74819624819624
6101403,BENJAMITA,O’HIGGINS,RANCAGUA,67.96798493408662
6101405,VENTANITA DE ILUSIÓN,O’HIGGINS,RANCAGUA,75.2534722222222
6101406,SANTA TERESITA,O’HIGGINS,RANCAGUA,80.68888888888888
6101407,PADRE PÍO,O’HIGGINS,RANCAGUA,72.38888888888889
6101408,SAN IGANCIO,O’HIGGINS,RANCAGUA,78.52991452991452
6101411,CUMBRES,O’HIGGINS,RANCAGUA,73.15811965811966
6101412,GALILEA,O’HIGGINS,RANCAGUA,75.47777777777777
6101413,SAN RAMÓN,O’HIGGINS,RANCAGUA,80.1812865497076
6115401,PADRE HURTADO,O’HIGGINS,RENGO,90.63186077643908
6115402,LOS NARANJITOS,O’HIGGINS,RENGO,82.63613231552162
6115403,LOS LOBITOS,O’HIGGINS,RENGO,81.91452991452992
6115404,LA CUNCUNITA,O’HIGGINS,RENGO,86.14444444444445
6115405,LA ORUGUITA,O’HIGGINS,RENGO,84.05128205128204
6115406,DIENTE DE LECHE,O’HIGGINS,RENGO,80.92521367521368
6115407,COLORÍN COLORADO,O’HIGGINS,RENGO,76.69598765432099
6116401,MANITOS MÁGICAS,O’HIGGINS,REQUÍNOA,67.10897435897435
6116402,CARITAS FELICES,O’HIGGINS,REQUÍNOA,74.83974358974359
6116403,TIRITAS DE PAPEL,O’HIGGINS,REQUÍNOA,77.7046783625731
6116404,MIS PRIMEROS PASOS,O’HIGGINS,REQUÍNOA,65.54700854700855
6116405,PEQUEÑOS TESOROS,O’HIGGINS,REQUÍNOA,70.40170940170938
6116406,LAS POLILLITAS,O’HIGGINS,REQUÍNOA,37.76666666666666
6301401,WINNIE THE POOH,O’HIGGINS,SAN FERNANDO,88.73263888888889
6301403,ANGELITOS,O’HIGGINS,SAN FERNANDO,74.52777777777779
6301404,RAYITO DE LUNA,O’HIGGINS,SAN FERNANDO,31.15
6301405,CARACOLITO,O’HIGGINS,SAN FERNANDO,56.8
6301406,MUNDO FELIZ,O’HIGGINS,SAN FERNANDO,67.32051282051282
6117402,EL TAMBITO,O’HIGGINS,SAN VICENTE,52.14316239316239
6117403,CRISTOFORO COLOMBO,O’HIGGINS,SAN VICENTE,75.4636752136752
6310403,NICOLÁS PALACIOS,O’HIGGINS,SANTA CRUZ,79.25000000000001
6310405,DON HORACIO,O’HIGGINS,SANTA CRUZ,68.72453703703704
6310406,GUINDO ALTO,O’HIGGINS,SANTA CRUZ,63.589743589743584
6310407,LA FINCA YAQUIL,O’HIGGINS,SANTA CRUZ,67.75427350427351
6310408,EL NIDO DE ANGELES,O’HIGGINS,SANTA CRUZ,73.42424242424244
7201005,BELLAVISTA,MAULE,CAUQUENES,50.27136752136753
7201009,CLARO DE LUNA,MAULE,CAUQUENES,68.5982905982906
7201010,LUCERITO DE ESPERANZA,MAULE,CAUQUENES,70.23504273504274
7201011,LOS GRILLITOS,MAULE,CAUQUENES,62.91239316239315
7201013,ANTONIO VARAS,MAULE,CAUQUENES,69.3568376068376
7202003,CARITA DE ANGEL,MAULE,CHANCO,80.85714285714286
7402002,GOTITAS DE AMOR,MAULE,COLBÚN,49.81209150326797
7402003,MIS PRIMEROS PASOS,MAULE,COLBÚN,50.67045454545455
7402004,CAPULLITOS DE AMOR,MAULE,COLBÚN,38.48333333333334
7402005,SONRISITAS DE ANGEL,MAULE,COLBÚN,62.84615384615384
7402012,LICANRAYEN,MAULE,COLBÚN,64.89636752136752
7402016,SOL Y ESTRELLITAS,MAULE,COLBÚN,67.47660818713449
7102010,PERSONITAS DE SANTA OLGA,MAULE,CONSTITUCIÓN,62.384259259259245
7102014,CARACOLITOS,MAULE,CONSTITUCIÓN,77.70424836601308
7102015,ABEJITA DUL,MAULE,CONSTITUCIÓN,68.09188034188034
7301014,LOS PATRONCITOS,MAULE,CURICÓ,75.56666666666666
7301018,ESPERANZA,MAULE,CURICÓ,83.6010101010101
7301019,ANGELITOS,MAULE,CURICÓ,71.03086419753087
7301020,RISITAS DE ANGELES,MAULE,CURICÓ,80.74637681159422
7301021,CAMPANITA,MAULE,CURICÓ,83.32249322493226
7301022,CASTILLO MÁGICO,MAULE,CURICÓ,81.94850948509486
7301023,MINIMUNDO,MAULE,CURICÓ,82.0574074074074
7301024,BURBUJITAS DE COLORES,MAULE,CURICÓ,76.33760683760684
7301025,CAPULLITO,MAULE,CURICÓ,77.14814814814815
7301033,DEJANDO HUELLAS,MAULE,CURICÓ,85.01080246913581
7301034,GRILLITOS,MAULE,CURICÓ,73.92735042735043
7301036,COLORÍN COLORADO,MAULE,CURICÓ,85.41203703703704
7301039,GIRASOL,MAULE,CURICÓ,81.85087719298245
7104009,MI PEQUEÑO MUNDO,MAULE,EMPEDRADO,54.51058201058201
7302006,CASTILLO DE SUEÑOS,MAULE,HUALAÑÉ,71.89957264957265
7302007,LOS CORAZONCITOS,MAULE,HUALAÑÉ,81.16374269005847
7302010,DIENTECITO DE LECHE,MAULE,HUALAÑÉ,81.79824561403507
7303002,ESTRELLITA DE MAR,MAULE,LICANTÉN,76.13247863247862
7303006,KUMELEN,MAULE,LICANTÉN,80.66524216524216
7401006,ACUARELA,MAULE,LINARES,77.36736111111112
7401007,MI NIDITO,MAULE,LINARES,63.26666666666668
7401020,MAZAPAN,MAULE,LINARES,65.2326388888889
7401025,ARCOIRIS,MAULE,LINARES,77.84848484848484
7401026,EL NEVADO,MAULE,LINARES,72.02222222222223
7401027,SEMILLITAS,MAULE,LINARES,74.11538461538461
7401028,PASITOS DE ANGEL,MAULE,LINARES,78.97863247863248
7401029,MUNDO DE TERNURA,MAULE,LINARES,63.02777777777777
7401030,MANITOS TRAVIESAS,MAULE,LINARES,58.914529914529915
7401031,FRAMBUESITAS,MAULE,LINARES,67.97076023391814
7401032,EL BUQUE DE MIS SUEÑOS,MAULE,LINARES,80.8966049382716
7401037,DULCES MOMENTOS,MAULE,LINARES,49.9017094017094
7401038,MOLINITO AZUL,MAULE,LINARES,62.070105820105816
7401039,EL MUNDO DE VALENTÍN,MAULE,LINARES,83.06989247311827
7401040,ESTRELLITAS MÁGICAS,MAULE,LINARES,76.8846153846154
7401041,MANITOS A LA OBRA,MAULE,LINARES,66.5448717948718
7401046,LOS MAITENES,MAULE,LINARES,56.58333333333334
7403025,MUNDO DE NIÑOS,MAULE,LONGAVÍ,68.1280864197531
7403026,GOTAS DE CRISTAL,MAULE,LONGAVÍ,74.83760683760684
7403027,MIS PRIMEROS PASOS,MAULE,LONGAVÍ,62.214646464646464
7403036,PEQUEÑOS SUEÑOS,MAULE,LONGAVÍ,80.30701754385964
7403037,SEMILLAS DE VIDAS,MAULE,LONGAVÍ,74.64529914529915
7403041,BURBUJITAS DER COLORES,MAULE,LONGAVÍ,67.86324786324786
7403042,SUEÑOS MÁGICOS,MAULE,LONGAVÍ,79.1880341880342
7403043,MI MUNDO COMIENZA AQUÍ,MAULE,LONGAVÍ,83.08974358974358
7403056,CRECIENDO FELIZ,MAULE,LONGAVÍ,81.06410256410257
7403057,VILLA LONGAVÍ,MAULE,LONGAVÍ,76.45726495726495
7105015,CONSTRUCTORES DE SUEÑOS,MAULE,MAULE,71.6608187134503
7105016,PASITOS DE AMOR,MAULE,MAULE,82.39743589743588
7105017,PASITOS DE ANGEL,MAULE,MAULE,74.39316239316238
7105018,SEMILLITAS DEL MAULE,MAULE,MAULE,70.18803418803418
7105019,ALLIPEN,MAULE,MAULE,85.10233918128655
7105020,TIERNAS SONRISAS,MAULE,MAULE,56.73456790123457
7105021,NUBE SOL,MAULE,MAULE,75.91880341880342
7105022,NIDITO DE AMOR,MAULE,MAULE,82.18589743589743
7105026,NUMPAY,MAULE,MAULE,100.15811965811965
7105027,MANITOS TRAVIESAS,MAULE,MAULE,80.97592592592592
7304013,FRUTILLITA,MAULE,MOLINA,77.94444444444444
7304019,ARCO IRIS,MAULE,MOLINA,74.44265232974911
7304020,TRIGALITOS,MAULE,MOLINA,79.90909090909089
7304026,ESTRELLITA,MAULE,MOLINA,82.80409356725147
7304027,LOS PARRONCITOS,MAULE,MOLINA,77.00213675213676
7304028,MI PEQUEÑO REFUGIO,MAULE,MOLINA,78.6574074074074
7304029,LAS HORMIGUITAS,MAULE,MOLINA,49.17251461988303
7304030,ELUNEY,MAULE,MOLINA,79.19259259259259
7304031,TUTTI FRUTTI,MAULE,MOLINA,70.95614035087718
7304032,MANITOS PEQUEÑAS,MAULE,MOLINA,79.11851851851853
7304033,TRENCITO DE MIS TESOROS,MAULE,MOLINA,46.45663956639566
7404008,DULCES SONRISAS,MAULE,PARRAL,38.196296296296296
7404009,ANGELITOS,MAULE,PARRAL,67.97376543209876
7404010,PASITOS,MAULE,PARRAL,58.16239316239316
7404012,RAYITO DE SOL,MAULE,PARRAL,63.03367003367004
7404017,CARIÑOSITOS DE ARRAÚ MÉNDEZ,MAULE,PARRAL,46.550617283950615
7106005,PEQUEÑOS GIRASOLES,MAULE,PELARCO,82.02564102564102
7203001,LA CASITA EN EL BOSQUE,MAULE,PELLUHUE,69.73188405797102
7203003,SOL DE ESPERANZA,MAULE,PELLUHUE,64.99415204678364
7305004,COPITO DE NIEVE,MAULE,RAUCO,70.82478632478633
7305006,PEPITAS,MAULE,RAUCO,76.15811965811966
7305007,LOS PEQUES,MAULE,RAUCO,51.74910394265233
7405004,LAS ABJEITAS,MAULE,RETIRO,65.69444444444444
7405007,MI NIDITO,MAULE,RETIRO,65.30952380952381
7405008,MIS PRIMEROS PASITOS,MAULE,RETIRO,74.03508771929825
7108008,CRECIENDO JUNTOS,MAULE,RÍO CLARO,77.7008547008547
7108010,ACUARELA,MAULE,RÍO CLARO,72.47530864197532
7108012,CAMARICO,MAULE,RÍO CLARO,82.52046783625732
7306003,PASO A PASITO,MAULE,ROMERAL,76.41111111111111
7306004,PEQUEÑOS CORAZONES,MAULE,ROMERAL,76.36666666666666
7306009,PEQUEÑOS PASITOS,MAULE,ROMERAL,82.8482905982906
7306012,SEMILLITAS DEL FUTURO,MAULE,ROMERAL,83.79239766081872
7307010,RACIMITO DE NIÑOS,MAULE,SAGRADA FAMILIA,88.07777777777778
7307011,LOS PEQUENCITOS,MAULE,SAGRADA FAMILIA,81.26666666666667
7307012,PÉTALOS DE NIÑOS,MAULE,SAGRADA FAMILIA,74.03787878787878
7307013,SEMILLITAS DE AMOR,MAULE,SAGRADA FAMILIA,80.08080808080808
7307014,PASITOS Y RAYAS,MAULE,SAGRADA FAMILIA,76.58585858585859
7307015,VALLE DE NIÑOS,MAULE,SAGRADA FAMILIA,69.41203703703705
7307026,TRES PASITOS,MAULE,SAGRADA FAMILIA,74.05952380952381
7109018,GOTITAS DE AMOR,MAULE,SAN CLEMENTE,73.97076023391813
7109019,MARIPOSAS,MAULE,SAN CLEMENTE,77.80994152046785
7109020,PIECECITOS DE ANGEL,MAULE,SAN CLEMENTE,72.6951219512195
7406014,MIS HUELLAS,MAULE,SAN JAVIER,58.587606837606835
7406015,SAN BENITO,MAULE,SAN JAVIER,67.38888888888887
7406016,TROCITOS DE TERNURA,MAULE,SAN JAVIER,60.532163742690045
7406017,PEQUEÑOS PASITOS,MAULE,SAN JAVIER,75.8
7406018,SUEÑOS DE ANGEL,MAULE,SAN JAVIER,67.71052631578947
7406019,MELOSITOS,MAULE,SAN JAVIER,43.028985507246375
7406020,EXPLORADORES,MAULE,SAN JAVIER,71.26315789473685
7406021,MI MUNDO DE COLORES,MAULE,SAN JAVIER,69.95726495726497
7406022,AYELEN,MAULE,SAN JAVIER,68.2008547008547
7110007,MIS PRIMEROS PASOS,MAULE,SAN RAFAEL,72.30448717948718
7110012,LOS PEQUEÑOS DEL ALTO,MAULE,SAN RAFAEL,81.58187134502924
7101028,PASISTOS SEGUROS,MAULE,TALCA,73.72222222222223
7101030,LOS CHIQUITINES,MAULE,TALCA,73.53819444444444
7101031,DE LA CUNA AL MUNDO,MAULE,TALCA,66.68162393162393
7101032,SUEÑOS DE NIÑOS,MAULE,TALCA,78.06666666666668
7101033,JARDÍN DEL ESTE,MAULE,TALCA,59.6929012345679
7101034,MANITOS DE AMOR,MAULE,TALCA,76.5491452991453
7101035,NUEVO HORIZONTE,MAULE,TALCA,64.31604938271606
7101036,DON SEBASTIÁN,MAULE,TALCA,78.3179012345679
7101039,LOS CONQUISTADORES DE PORVENIR,MAULE,TALCA,82.14743589743591
7308012,ESPIGUITA,MAULE,TENO,64.65232974910394
7308013,LA HORMIGUITA CANTORA,MAULE,TENO,71.3641975308642
7308014,ABEJITAS,MAULE,TENO,77.06837606837607
7308015,CUNCUNITA,MAULE,TENO,75.1783625730994
7308017,GOTITAS DE AMOR,MAULE,TENO,62.31837606837607
7308020,ABEJITAS II,MAULE,TENO,72.34210526315789
7308023,PASITOS DE TERNURA,MAULE,TENO,74.90643274853802
7309007,SIETE COLORES,MAULE,VICHUQUÉN,73.44047619047619
7407009,GOTITAS DE AMOR,MAULE,VILLA ALEGRE,72.76709401709401
7407011,RACIMITOS DE AMOR,MAULE,VILLA ALEGRE,68.94444444444444
7407010,PUTAGÁN,MAULE,VILLA ALEGRE,67.0409356725146
7408004,ARCO IRIS,MAULE,YERBAS BUENAS,77.63450292397663
7408005,SUEÑOS MÍOS,MAULE,YERBAS BUENAS,73.5
7408008,RAYITO DE LUZ,MAULE,YERBAS BUENAS,79.18181818181817
7408011,CONCEJAL SERGIO MUÑOZ ESPINOZA,MAULE,YERBAS BUENAS,70.9327485380117
8314004,JARDÍN ETNICO CALLAQUI,BIOBÍO,ALTO BÍOBÍO,70.7685185185185
8314005,COPITO DE NIEVE,BIOBÍO,ALTO BÍOBÍO,80.98910675381264
8202002,EDUARDO FREI MONTALVA,BIOBÍO,ARAUCO,83.92316784869975
8202010,NUEVA ESPERANZA,BIOBÍO,ARAUCO,77.66425120772948
8202014,INTERCULTURAL CARAMPANGUE,BIOBÍO,ARAUCO,74.27222222222223
8202015,LOS ARRAYANES,BIOBÍO,ARAUCO,76.72222222222221
8202016,LOS CASTAÑOS,BIOBÍO,ARAUCO,82.61666666666665
8202017,LOS PINOS,BIOBÍO,ARAUCO,80.75
8202018,LARAQUETE,BIOBÍO,ARAUCO,71.38888888888889
8202019,PUNTA LAVAPIÉ,BIOBÍO,ARAUCO,74.34920634920636
8202020,FRESIA,BIOBÍO,ARAUCO,79.83760683760683
8202022,VILLA EL BOSQUE,BIOBÍO,ARAUCO,82.18402777777779
8202036,TUBUL,BIOBÍO,ARAUCO,69.09027777777777
8202037,RAMADILLAS,BIOBÍO,ARAUCO,77.06432748538012
8303002,RAYITO DE LUZ,BIOBÍO,CABRERO,74.35256410256409
8303003,ARQUITA DE NOÉ,BIOBÍO,CABRERO,89.29444444444445
8303004,CAPULLITIOS DE SOL,BIOBÍO,CABRERO,78.69658119658118
8303005,TRENCITO DE MIS SUEÑOS,BIOBÍO,CABRERO,79.34829059829059
8303006,PEQUEÑOS ANGELITOS,BIOBÍO,CABRERO,77.6388888888889
8203003,BOSQUE MÁGICO,BIOBÍO,CAÑETE,75.67067307692307
8203004,VILLA ALEGRE,BIOBÍO,CAÑETE,47.25892857142857
8203005,LOS PITUFOS,BIOBÍO,CAÑETE,48.33522727272727
8103005,LA ESPERANZA,BIOBÍO,CHIGUAYANTE,79.50617283950616
8103006,LA ARAUCANA,BIOBÍO,CHIGUAYANTE,62.72008547008547
8103007,BALMACEDA SAAVEDRA,BIOBÍO,CHIGUAYANTE,31.63214285714286
8101037,JUAN MARTÍNEZ DE ROZAS,BIOBÍO,CONCEPCIÓN,81.65555555555555
8101038,LORENZO ARENAS,BIOBÍO,CONCEPCIÓN,77.06111111111109
8101040,ISLA ANDALIÉN,BIOBÍO,CONCEPCIÓN,85.7905982905983
8204002,MANITOS DE AMOR,BIOBÍO,CONTULMO,50.32222222222222
8102024,YOBILITO,BIOBÍO,CORONEL,66.77777777777779
8102026,ANDALUE,BIOBÍO,CORONEL,72.37286324786325
8102027,PASITOS DE ANGEL,BIOBÍO,CORONEL,73.6604938271605
8102029,MI PRIMER PASO,BIOBÍO,CORONEL,80.02777777777777
8102030,RINCONCITO DE LUZ,BIOBÍO,CORONEL,65.54783950617283
8102031,MI PEQUEÑO CASTILLO,BIOBÍO,CORONEL,64.72519083969466
8102035,RAYITO ISLEÑO DE AMOR,BIOBÍO,CORONEL,47.151709401709404
8102036,APRENDIENDO JUNTO A TI,BIOBÍO,CORONEL,67.46296296296296
8102037,RAYITO DE ESPERANZA,BIOBÍO,CORONEL,64.53571428571429
8102038,EL RINCÓN DE MI SUEÑO,BIOBÍO,CORONEL,76.38541666666667
8102039,AYELEN,BIOBÍO,CORONEL,74.9702380952381
8102042,EL TRENCITO DE MIS SUEÑOS,BIOBÍO,CORONEL,44.686507936507944
8205022,VILLA PARQUE FORESTAL,BIOBÍO,CURANILAHUE,86.28632478632478
8104001,PASITOS DE AMOR,BIOBÍO,FLORIDA,71.38666666666666
8104002,MANITOS,BIOBÍO,FLORIDA,53.324786324786324
8104003,CUNCUNITA,BIOBÍO,FLORIDA,61.263888888888886
8112010,LOS PEQUEÑOS HUALPENINOS,BIOBÍO,HUALPÉN,78.73824786324786
8112011,SARAJEVO,BIOBÍO,HUALPÉN,82.36309523809524
8112012,LOS NOTROS,BIOBÍO,HUALPÉN,81.70039682539684
8112013,SUNNYSIDE,BIOBÍO,HUALPÉN,79.08829365079364
8112014,TIL CRISPULO GANDARA,BIOBÍO,HUALPÉN,81.1626984126984
8112015,FLORESTA,BIOBÍO,HUALPÉN,81.28373015873017
8105005,PIECECITOS DE NIÑO,BIOBÍO,HUALQUI,80.44270833333333
8105006,LUZ DE LUNA,BIOBÍO,HUALQUI,57.51282051282052
8105019,LOS POETAS,BIOBÍO,HUALQUI,80.55902777777777
8304005,RAYITO DE SOL,BIOBÍO,LAJA,69.27777777777777
8304006,ARCOIRIS,BIOBÍO,LAJA,71.7962962962963
8304007,SANTA LUCÍA,BIOBÍO,LAJA,74.90686274509804
8304008,MANITOS PINTADAS,BIOBÍO,LAJA,68.48263888888889
8304009,MIS DULCES PASOS,BIOBÍO,LAJA,76.38888888888889
8201005,PASITOS DE LEUFU ,BIOBÍO,LEBÚ,82.8671875
8201006,RINCÓN DE LUZ,BIOBÍO,LEBÚ,75.91666666666667
8201007,MI PEQUEÑO RINCÓN ,BIOBÍO,LEBÚ,83.38125000000002
8201008,SEMILLITAS DE AMOR  ,BIOBÍO,LEBÚ,57.385000000000005
8201009,FARDELITA BLANCA ,BIOBÍO,LEBÚ,54.433333333333344
8201010,RAYITO DE SOL,BIOBÍO,LEBÚ,32.067708333333336
8201011,OLITAS DE AMOR ,BIOBÍO,LEBÚ,64.703125
8201012,TRENCITO DE MIS TESOROS ,BIOBÍO,LEBÚ,50.71938775510204
8206009,MI MUNDO MÁGICO,BIOBÍO,LOS ALAMOS,54.738888888888894
8206010,OJITOS DE LUNA,BIOBÍO,LOS ALAMOS,75.71296296296296
8206011,CAMINITO DE LOS SUEÑOS,BIOBÍO,LOS ALAMOS,83.41666666666666
8206012,MI MUNDO FELIZ,BIOBÍO,LOS ALAMOS,46.46111111111112
8206013,RAYEN ANTU,BIOBÍO,LOS ALAMOS,75.93518518518519
8206014,TRES PINOS,BIOBÍO,LOS ALAMOS,81.7888888888889
8206015,MI REFUGIO FELIZ,BIOBÍO,LOS ALAMOS,85.97649572649573
8206016,CAPULLITO DE TERNURA,BIOBÍO,LOS ALAMOS,80.40277777777777
8206017,CREANDO SONRISAS,BIOBÍO,LOS ALAMOS,79.46180555555554
8206018,LAS HORMIGUITAS,BIOBÍO,LOS ALAMOS,76.28819444444443
8301015,MI GRAN MUNDO,BIOBÍO,LOS ANGELES,78.64947089947088
8301016,SALA CUNA UNIVERSITARIA,BIOBÍO,LOS ANGELES,78.26666666666667
8301017,TREMEMN,BIOBÍO,LOS ANGELES,81.56093189964156
8301021,KIRIELTU SANTA FE,BIOBÍO,LOS ANGELES,78.46367521367522
8301023,ANGELITOS TRAVIESOS,BIOBÍO,LOS ANGELES,82.95555555555555
8301024,PASITOS DE ESPERANZA,BIOBÍO,LOS ANGELES,82.00661375661376
8301025,RINCONCITO DE AMOR,BIOBÍO,LOS ANGELES,36.266666666666666
8301026,LLANO BLANCO,BIOBÍO,LOS ANGELES,68.58547008547008
8301027,EL NOGAL,BIOBÍO,LOS ANGELES,90.47008547008548
8301028,EL PERAL,BIOBÍO,LOS ANGELES,76.3034188034188
8301030,LAS TRANQUERAS,BIOBÍO,LOS ANGELES,77.44753086419753
8301031,VILLA LOS RÍOS,BIOBÍO,LOS ANGELES,79.26666666666667
8301033,VILLA GÉNESIS,BIOBÍO,LOS ANGELES,80.58207070707071
8301034,VILLA LAS AMÉRICAS,BIOBÍO,LOS ANGELES,74.93229166666667
8106017,LUNA SOL,BIOBÍO,LOTA,50.693749999999994
8106018,CIELO AZUL,BIOBÍO,LOTA,48.075
8106020,NARANJO AMANECER,BIOBÍO,LOTA,41.931250000000006
8106021,ESTRELLA LUMINOSA,BIOBÍO,LOTA,65.08413461538461
8106023,ENTRE BOSQUES,BIOBÍO,LOTA,63.25000000000001
8305004,MI PEQUEÑO MUNDO,BIOBÍO,MULCHÉN,58.65277777777778
8305005,MI DESPERTAR,BIOBÍO,MULCHÉN,45.85992907801418
8305006,VILLA LA GRANJA,BIOBÍO,MULCHÉN,68.92892156862744
8305007,ALHUELEMU,BIOBÍO,MULCHÉN,16.342206790123452
8305008,VILLA REHUEN,BIOBÍO,MULCHÉN,62.05982905982906
8306003,SALVADOR ALLENDE,BIOBÍO,NACIMIENTO,79.67222222222222
8306004,LAUTARO,BIOBÍO,NACIMIENTO,54.253086419753096
8306005,LUCY KOJCHEN,BIOBÍO,NACIMIENTO,80.42735042735043
8306006,LA CRUZ,BIOBÍO,NACIMIENTO,79.52777777777779
8307003,PIECESITOS DE AYÚN,BIOBÍO,NEGRETE,73.02564102564102
8107010,BURBUJITAS DEL MAR,BIOBÍO,PENCO,41.94444444444444
8107011,RINCÓN DE LUZ,BIOBÍO,PENCO,85.43589743589746
8107012,PASITOS DEL FUTURO,BIOBÍO,PENCO,79.66137566137567
8107013,GOTITAS DE MAR,BIOBÍO,PENCO,84.41319444444444
8107023,PEQUEÑOS DEL MOLINO,BIOBÍO,PENCO,71.23333333333332
8308001,SEMILLITAS DEL FUTURO,BIOBÍO,QUILACO,61.31666666666666
8309001,ESPUMITA,BIOBÍO,QUILLECO,63.394444444444446
8309002,SONRISA DE ANGELES,BIOBÍO,QUILLECO,42.72777777777779
8309003,MANITOS MÁGICAS,BIOBÍO,QUILLECO,41.56623931623932
8108009,RETOÑOS DE LA PAZ,BIOBÍO,SAN PEDRO DE LA PAZ,86.92735042735042
8108010,LOMITAS,BIOBÍO,SAN PEDRO DE LA PAZ,81.6911111111111
8108011,PEPITA DE ORO,BIOBÍO,SAN PEDRO DE LA PAZ,78.30128205128204
8108012,ESTRELLITA DE MAR,BIOBÍO,SAN PEDRO DE LA PAZ,77.70726495726495
8108013,MICHAIHUE ALTO,BIOBÍO,SAN PEDRO DE LA PAZ,53.555555555555564
8108016,SAN PEDRO DE LA COSTA,BIOBÍO,SAN PEDRO DE LA PAZ,79.0565476190476
8108017,PADRE HURTADO,BIOBÍO,SAN PEDRO DE LA PAZ,73.83134920634919
8108019,BOCA SUR BIO BIO,BIOBÍO,SAN PEDRO DE LA PAZ,84.83333333333333
8108020,CANDELARIA,BIOBÍO,SAN PEDRO DE LA PAZ,72.42874396135267
8108023,GALVARINO,BIOBÍO,SAN PEDRO DE LA PAZ,79.8931623931624
8108024,ESCRITORES,BIOBÍO,SAN PEDRO DE LA PAZ,76.3611111111111
8310001,PRESIDENTA MICHELLE BACHELET,BIOBÍO,SAN ROSENDO,39.451388888888886
8311012,MI PEQUEÑO MUNDO,BIOBÍO,SANTA BÁRBARA,82.53267973856208
8311013,MIS PRIMEROS PASOS,BIOBÍO,SANTA BÁRBARA,73.8974358974359
8311014,RONDA DE NIÑOS Y NIÑAS,BIOBÍO,SANTA BÁRBARA,76.45751633986929
8109002,NAHUELBUTA,BIOBÍO,SANTA JUANA,74.75555555555556
8109021,VILLA CORDILLERA,BIOBÍO,SANTA JUANA,88.23684210526316
8110024,ARENITA,BIOBÍO,TALCAHUANO,73.9281045751634
8110025,MIS ESTRELLITAS,BIOBÍO,TALCAHUANO,78.70940170940172
8110026,TRENCITO DE AMISTAD,BIOBÍO,TALCAHUANO,72.66880341880342
8110027,GRANJA AGROECOLÓGICA LOS GUINDOS,BIOBÍO,TALCAHUANO,95.1352657004831
8110028,SAN FRANCISCO,BIOBÍO,TALCAHUANO,70.13492063492063
8110029,MONTE REDONDO,BIOBÍO,TALCAHUANO,76.26923076923077
8110033,PEQUEÑA ILUSIÓN,BIOBÍO,TALCAHUANO,74.15598290598291
8110034,PASITOS DE AMOR,BIOBÍO,TALCAHUANO,85.24999999999999
8110035,MIS PEQUEÑOS TESOROS,BIOBÍO,TALCAHUANO,77.74145299145299
8110046,GRANJA AGROECOLÓGICA LOS GUINDOS,BIOBÍO,TALCAHUANO,65.82777777777777
8207005,PICHI KUYEN,BIOBÍO,TIRÚA,47.61607142857143
8207006,RAYEN KIMUN,BIOBÍO,TIRÚA,17.892857142857142
8207007,ABKELAY KIMUN,BIOBÍO,TIRÚA,32.13839285714286
8207008,PICHI AYEN,BIOBÍO,TIRÚA,33.020833333333336
8111008,VILLA FRESIA,BIOBÍO,TOMÉ,65.38194444444444
8111014,PUKEM,BIOBÍO,TOMÉ,73.32478632478632
8111016,DESTELLOS DE AMANECER,BIOBÍO,TOMÉ,73.25555555555556
8111017,CUNCUNITA,BIOBÍO,TOMÉ,66.85555555555555
8111019,HADAS Y DUENDES,BIOBÍO,TOMÉ,73.90555555555555
8111020,CAMINITO DE ESTRELLA,BIOBÍO,TOMÉ,57.36111111111111
8111021,CENTENARIO,BIOBÍO,TOMÉ,58.36309523809524
8111023,EL MOLINO,BIOBÍO,TOMÉ,74.35256410256409
8312002,MIS PRIMEROS PASOS,BIOBÍO,TUCAPEL,72.27991452991454
8312003,RINCONCITO DE AMOR,BIOBÍO,TUCAPEL,70.38333333333333
8312004,PEQUEÑOS GENIOS,BIOBÍO,TUCAPEL,79.33333333333333
8312005,LOS CIPRECES,BIOBÍO,TUCAPEL,74.97777777777776
8312006,LA ESPERANZA,BIOBÍO,TUCAPEL,66.14316239316238
8312007,RAYITO DE SOL,BIOBÍO,TUCAPEL,51.15079365079366
8313002,RAYITO DE LUZ,BIOBÍO,YUMBEL,73.29296875
8313003,DIENTECITOS DE LECHE,BIOBÍO,YUMBEL,67.62890625
8313004,LOS TESORITOS,BIOBÍO,YUMBEL,51.78906250000001
9201025,GIRASOL,LA ARAUCANÍA,ANGOL,79.09615384615384
9201026,LOS CISNES,LA ARAUCANÍA,ANGOL,68.94270833333334
9201029,ARCO IRIS,LA ARAUCANÍA,ANGOL,69.02430555555557
9201032,LICEO COMERCIAL,LA ARAUCANÍA,ANGOL,75.02777777777779
9201033,DULCE NIDO,LA ARAUCANÍA,ANGOL,75.14506172839506
9201034,LAS ABEJITAS,LA ARAUCANÍA,ANGOL,76.98076923076923
9201035,PEQUEÑO SOLCITO,LA ARAUCANÍA,ANGOL,67.17521367521367
9201036,ESTRELLITAS DEL ROSARIO,LA ARAUCANÍA,ANGOL,67.84188034188034
9201037,HUEQUÉN,LA ARAUCANÍA,ANGOL,66.52564102564102
9201038,DUBLE URRUTIA,LA ARAUCANÍA,ANGOL,84.92094017094016
9201039,MIS PRIMEROS PASITOS,LA ARAUCANÍA,ANGOL,75.59829059829059
9201040,MANITOS DE COLORES,LA ARAUCANÍA,ANGOL,62.95512820512822
9201041,EL PARQUE,LA ARAUCANÍA,ANGOL,59.83838383838385
9102009,MIS PRIMEROS PASOS,LA ARAUCANÍA,CARAHUE,73.9222222222222
9102010,CONEJITO BLANCO,LA ARAUCANÍA,CARAHUE,84.8611111111111
9102012,GOTITAS DE AMOR,LA ARAUCANÍA,CARAHUE,74.80128205128206
9102013,LOS RIELES,LA ARAUCANÍA,CARAHUE,74.94871794871794
9102014,OMILEN KÜYEN,LA ARAUCANÍA,CARAHUE,78.51068376068375
9102031,LOS PECESITOS,LA ARAUCANÍA,CARAHUE,34.421052631578945
9121002,FLOR DEL SOL,LA ARAUCANÍA,CHOLCHOL,85.49444444444445
9121003,AYELEN,LA ARAUCANÍA,CHOLCHOL,85.27564102564102
9121004,ABEJITAS FELICES,LA ARAUCANÍA,CHOLCHOL,64.11111111111111
9121005,LOS PUMITAS,LA ARAUCANÍA,CHOLCHOL,88.13888888888889
9202001,RAYITO DE SOL,LA ARAUCANÍA,COLLIPULLI,62.45405982905983
9202003,SEMILLITA DE ILUSIÓN- MININCO,LA ARAUCANÍA,COLLIPULLI,66.89814814814814
9202005,ESTACIÓN INFANTIL,LA ARAUCANÍA,COLLIPULLI,72.57799145299144
9103001,LA UNIÓN,LA ARAUCANÍA,CUNCO,78.38461538461536
9103002,RAYITOS DE ALEGRÍA,LA ARAUCANÍA,CUNCO,75.6730769230769
9103003,COMENZANDO A APRENDER,LA ARAUCANÍA,CUNCO,85.43333333333332
9103004,PASO A PASITO,LA ARAUCANÍA,CUNCO,70.00641025641026
9103006,LOS MADEROS,LA ARAUCANÍA,CUNCO,84.9375
9203003,ARCOIRIS,LA ARAUCANÍA,CURACAUTÍN,80.57905982905986
9203004,JARDÍN DE LOS SUEÑOS,LA ARAUCANÍA,CURACAUTÍN,72.89957264957265
9203005,RAYITO DE LUNA,LA ARAUCANÍA,CURACAUTÍN,52.91880341880343
9203006,VILLA LAS FLORES,LA ARAUCANÍA,CURACAUTÍN,77.30128205128206
9203007,SANTA EMA,LA ARAUCANÍA,CURACAUTÍN,64.44753086419753
9104002,PU WANGUELEN,LA ARAUCANÍA,CURARREHUE,78.60042735042735
9104003,REIGOLIL,LA ARAUCANÍA,CURARREHUE,95.87777777777775
9104004,EPEUKURA,LA ARAUCANÍA,CURARREHUE,49.086419753086425
9104005,WE KIMUN,LA ARAUCANÍA,CURARREHUE,71.20726495726497
9104007,QUIÑENAHUIN,LA ARAUCANÍA,CURARREHUE,71.4814814814815
9204003,PEQUEÑA CARITA DE LUNA,LA ARAUCANÍA,ERCILLA,85.9017094017094
9204004,NIDITO DE AMOR,LA ARAUCANÍA,ERCILLA,76.1919191919192
9204006,PASITOS DE AMOR,LA ARAUCANÍA,ERCILLA,89.6880341880342
9204009,ANTÚ RAYEN ,LA ARAUCANÍA,ERCILLA,60.4375
9204010,LOS CORAZONCITOS ,LA ARAUCANÍA,ERCILLA,51.96794871794872
9105013,RAIMAPU,LA ARAUCANÍA,FREIRE,49.01234567901235
9105024,EL BOSQUE,LA ARAUCANÍA,FREIRE,54.529914529914535
9105027,DOLLINCO,LA ARAUCANÍA,FREIRE,74.17283950617285
9105031,CARITA DE LUNA,LA ARAUCANÍA,FREIRE,55.11458333333334
9106005,GALVARINO,LA ARAUCANÍA,GALVARINO,74.14965986394559
9106006,AILLINCO,LA ARAUCANÍA,GALVARINO,67.83320105820106
9106007,LA PIEDRA,LA ARAUCANÍA,GALVARINO,51.462962962962955
9107005,ARCO IRIS,LA ARAUCANÍA,GORBEA,76.63888888888889
9107008,AYELEN,LA ARAUCANÍA,GORBEA,58.626543209876544
9107009,PASITOS FELICES,LA ARAUCANÍA,GORBEA,58.46153846153845
9108007,LICEO POLITÉCNICO,LA ARAUCANÍA,LAUTARO,70.67521367521368
9108008,LOS COPIHUITOS,LA ARAUCANÍA,LAUTARO,71.72777777777777
9108009,IRENE FREI,LA ARAUCANÍA,LAUTARO,82.87777777777777
9108010,NAYEN KIMUN,LA ARAUCANÍA,LAUTARO,70.22777777777777
9108011,LOS BROTECITOS,LA ARAUCANÍA,LAUTARO,77.68589743589742
9108012,RAYITO DE LUZ,LA ARAUCANÍA,LAUTARO,76.22222222222221
9108014,VILL YALU,LA ARAUCANÍA,LAUTARO,73.008547008547
9109003,GOTITAS DE AMOR,LA ARAUCANÍA,LONCOCHE,40.38333333333333
9109015,COLOR ESPERANZA,LA ARAUCANÍA,LONCOCHE,85.14529914529915
9109016,CORAZÓN CONTENTO,LA ARAUCANÍA,LONCOCHE,47.39209401709402
9205001,VALLE NEVADO,LA ARAUCANÍA,LONQUIMAY,60.52564102564103
9206004,TÍA EUGENIA,LA ARAUCANÍA,LOS SAUCES,78.0777777777778
9206005,LOS CIERVITOS,LA ARAUCANÍA,LOS SAUCES,81.26923076923077
9206006,VILLA LOS JARDINES,LA ARAUCANÍA,LOS SAUCES,70.62606837606839
9207007,V. VERDE,LA ARAUCANÍA,LUMACO,78.25641025641026
9207008,BAJO PELLAHUEN,LA ARAUCANÍA,LUMACO,56.937499999999986
9207009,PANTANO,LA ARAUCANÍA,LUMACO,75.9962962962963
9111019,TAIÑ RUKA,LA ARAUCANÍA,NUEVA IMPERIAL,69.98028673835124
9111020,GOLONDRINAS,LA ARAUCANÍA,NUEVA IMPERIAL,84.25185185185185
9111021,EL ESFUERZO,LA ARAUCANÍA,NUEVA IMPERIAL,75.50716845878136
9111022,MELI REWE KAYUPUL,LA ARAUCANÍA,NUEVA IMPERIAL,64.79629629629629
9111037,ANTU NEWEN,LA ARAUCANÍA,NUEVA IMPERIAL,64.75694444444444
9112024,PULMAHUE,LA ARAUCANÍA,PADRE LAS CASAS,73.78888888888888
9112025,GOTITA DE AMOR,LA ARAUCANÍA,PADRE LAS CASAS,81.62820512820512
9112026,ALIWEN,LA ARAUCANÍA,PADRE LAS CASAS,72.28333333333335
9112028,ANUN RAYEN,LA ARAUCANÍA,PADRE LAS CASAS,75.18209876543209
9112029,PICHI KECHE,LA ARAUCANÍA,PADRE LAS CASAS,80.19444444444443
9112030,WE KINTUN,LA ARAUCANÍA,PADRE LAS CASAS,83.53703703703704
9112031,LOS VOLCANES,LA ARAUCANÍA,PADRE LAS CASAS,71.08547008547009
9112032,TRAPELACUCHA,LA ARAUCANÍA,PADRE LAS CASAS,64.29700854700855
9112033,ARCOIRIS,LA ARAUCANÍA,PADRE LAS CASAS,69.5982905982906
9112034,MANITOS PINTADAS,LA ARAUCANÍA,PADRE LAS CASAS,81.05128205128203
9112035,PASITOS CON AMOR,LA ARAUCANÍA,PADRE LAS CASAS,80.41452991452991
9112036,CHOMÍO,LA ARAUCANÍA,PADRE LAS CASAS,80.24691358024691
9112037,LUCERITO DE AMOR,LA ARAUCANÍA,PADRE LAS CASAS,64.26666666666667
9112038,PRIMEROS PASOS,LA ARAUCANÍA,PADRE LAS CASAS,78.83333333333333
9112039,MANANTIALES,LA ARAUCANÍA,PADRE LAS CASAS,72.0940170940171
9112040,PILMAIQUÉN,LA ARAUCANÍA,PADRE LAS CASAS,82.38034188034189
9112041,LOS ALERCES,LA ARAUCANÍA,PADRE LAS CASAS,84.1608187134503
9112042,METRENCO,LA ARAUCANÍA,PADRE LAS CASAS,79.46491228070175
9113003,LOS OSITOS,LA ARAUCANÍA,PERQUENCO,56.83680555555556
9113004,RINCÓN FELIZ,LA ARAUCANÍA,PERQUENCO,66.76068376068376
9113007,QUILLEM,LA ARAUCANÍA,PERQUENCO,67.53125
9114010,PICHI KECHE,LA ARAUCANÍA,PITRUFQUÉN,55.300264550264544
9114011,COMUY,LA ARAUCANÍA,PITRUFQUÉN,78.56060606060605
9114013,ELUNEY,LA ARAUCANÍA,PITRUFQUÉN,44.31623931623931
9114014,PASO A PASITO,LA ARAUCANÍA,PITRUFQUÉN,46.577777777777776
9114015,ORUGUITA,LA ARAUCANÍA,PITRUFQUÉN,58.797008547008545
9114016,RELMU RAYEN,LA ARAUCANÍA,PITRUFQUÉN,63.083333333333336
9115010,LA CASITA DE MIS SUEÑOS,LA ARAUCANÍA,PUCÓN,83.61324786324786
9115011,LOS ROBLES,LA ARAUCANÍA,PUCÓN,96.19871794871796
9115012,CARILEUFU,LA ARAUCANÍA,PUCÓN,87.52136752136751
9208011,RAYEN ANTU,LA ARAUCANÍA,PURÉN,82.54166666666666
9208012,JARDÍN DE LOS SUEÑOS,LA ARAUCANÍA,PURÉN,79.0363247863248
9208013,QUILACO,LA ARAUCANÍA,PURÉN,78.68518518518519
9208014,NUEVO AMANECER,LA ARAUCANÍA,PURÉN,66.25925925925925
9208016,URRUTIA,LA ARAUCANÍA,PURÉN,81.46666666666667
9208017,CAUPOLICÁN,LA ARAUCANÍA,PURÉN,46.50213675213675
9209004,TESORITO,LA ARAUCANÍA,RENAICO,82.21581196581195
9209005,ANGELITOS DE AMOR,LA ARAUCANÍA,RENAICO,84.47863247863245
9209006,CUNCUNA AMARILLA,LA ARAUCANÍA,RENAICO,83.82986111111111
9116009,PECECITOS DEL BUDI,LA ARAUCANÍA,SAAVEDRA,61.26234567901234
9116010,LOS CISNES,LA ARAUCANÍA,SAAVEDRA,57.40384615384616
9101027,LOS PEQUES DE LANIN,LA ARAUCANÍA,TEMUCO,86.25529100529101
9101047,BOYECO,LA ARAUCANÍA,TEMUCO,78.91239316239317
9101048,AILLAN MARILLAN,LA ARAUCANÍA,TEMUCO,81.33950617283952
9101049,RÍO PENITENTE,LA ARAUCANÍA,TEMUCO,82.58974358974359
9101050,LOS CASTAÑOS,LA ARAUCANÍA,TEMUCO,82.16025641025641
9101051,PEQUEÑOS CREADORES,LA ARAUCANÍA,TEMUCO,69.61666666666666
9101053,LOS SEMBRADORES,LA ARAUCANÍA,TEMUCO,74.79914529914531
9101054,LOS ORGANILLEROS,LA ARAUCANÍA,TEMUCO,77.42094017094018
9101055,ÑIELOL,LA ARAUCANÍA,TEMUCO,80.36965811965811
9101056,SERGIO GAJARDO,LA ARAUCANÍA,TEMUCO,75.27029914529915
9101058,VOLCÁN LASCAR,LA ARAUCANÍA,TEMUCO,81.14957264957265
9101059,LOS FÍSICOS,LA ARAUCANÍA,TEMUCO,75.9423076923077
9101060,LOS SOPRANOS,LA ARAUCANÍA,TEMUCO,81.00961538461539
9101061,PIAMONTE,LA ARAUCANÍA,TEMUCO,78.96367521367522
9101062,JAVIERA CARRERA,LA ARAUCANÍA,TEMUCO,77.42094017094018
9101063,LOS FOLKLORISTAS,LA ARAUCANÍA,TEMUCO,81.9326923076923
9101069,LOS MÚSICOS,LA ARAUCANÍA,TEMUCO,77.70486111111111
9101070,LOS JARDINES,LA ARAUCANÍA,TEMUCO,80.98290598290599
9101071,PARQUE COSTANERA,LA ARAUCANÍA,TEMUCO,73.41025641025641
9101072,MAÑÍO CHICO,LA ARAUCANÍA,TEMUCO,78.04444444444444
9101074,GABRIELA MISTRAL,LA ARAUCANÍA,TEMUCO,79.42307692307692
9101076,VISTA VERDE,LA ARAUCANÍA,TEMUCO,78.95726495726495
9101077,QUINTO CENTENARIO,LA ARAUCANÍA,TEMUCO,77.31410256410255
9101078,PICHICAUTÍN,LA ARAUCANÍA,TEMUCO,79.77991452991454
9101089,LOMAS DE LABRANZA,LA ARAUCANÍA,TEMUCO,78.49786324786325
9117003,LOS PITUFOS,LA ARAUCANÍA,TEODORO SCHMIDT,52.49465811965812
9118001,AGUALUNA,LA ARAUCANÍA,TOLTÉN,58.45085470085469
9118003,SEMILLITA DEL SEMBRADOR,LA ARAUCANÍA,TOLTÉN,41.11805555555556
9210002,LOS CANTARITOS,LA ARAUCANÍA,TRAIGUÉN,82.72916666666667
9210007,CARRUSEL,LA ARAUCANÍA,TRAIGUÉN,79.19551282051283
9210008,JUAN PABLO II,LA ARAUCANÍA,TRAIGUÉN,75.98055555555557
9210009,GIRASOL,LA ARAUCANÍA,TRAIGUÉN,80.72863247863248
9210010,NUEVA ESPERANZA,LA ARAUCANÍA,TRAIGUÉN,70.12606837606837
9210011,AYUN,LA ARAUCANÍA,TRAIGUÉN,79.87606837606837
9211007,GOTITA DE AMOR,LA ARAUCANÍA,VICTORIA,52.516666666666666
9211008,ANGELITOS DE AMOR,LA ARAUCANÍA,VICTORIA,61.77777777777778
9211009,ABEJITAS FELICES,LA ARAUCANÍA,VICTORIA,49.35069444444444
9211010,PULGARCITO,LA ARAUCANÍA,VICTORIA,66.83680555555556
9211011,RINCÓN FELIZ,LA ARAUCANÍA,VICTORIA,76.77991452991452
9211012,CARITAS FELICES,LA ARAUCANÍA,VICTORIA,84.4871794871795
9211013,CARITA DE ANGEL,LA ARAUCANÍA,VICTORIA,63.76495726495725
9211014,RAYITO DE SOL,LA ARAUCANÍA,VICTORIA,42.74444444444445
9211015,FLOR DE LUNA,LA ARAUCANÍA,VICTORIA,39.827777777777776
9211017,CARACOLITO,LA ARAUCANÍA,VICTORIA,82.72435897435899
9211018,ARCO IRIS,LA ARAUCANÍA,VICTORIA,74.45555555555555
9211019,LOS TRIGUITOS,LA ARAUCANÍA,VICTORIA,54.6111111111111
9211020,LOS PEQUEÑITOS,LA ARAUCANÍA,VICTORIA,58.00000000000001
9119005,SHUKA PICHICHE,LA ARAUCANÍA,VILCÚN,59.29320987654321
9119013,CAJONCITO DE AMOR,LA ARAUCANÍA,VILCÚN,85.8076923076923
9119014,MI PEQUEÑO TESORIO,LA ARAUCANÍA,VILCÚN,84.9700854700855
9119015,TERNURAS DEL LLAIMA,LA ARAUCANÍA,VILCÚN,56.01495726495727
9119016,CUNCUNITA PUTREW,LA ARAUCANÍA,VILCÚN,58.485042735042725
9119020,LOS PIECESITOS DEL LLAIMA,LA ARAUCANÍA,VILCÚN,78.40170940170943
9119022,SEMILLITAS DE CAJÓN,LA ARAUCANÍA,VILCÚN,80.42521367521367
9120014,LOS ANGELITOS,LA ARAUCANÍA,VILLARRICA,80.47863247863248
9120015,LICAN RAY,LA ARAUCANÍA,VILLARRICA,75.08760683760684
9120016,CHALIN - TEKUN,LA ARAUCANÍA,VILLARRICA,76.5534188034188
9120017,LA FRONTERA,LA ARAUCANÍA,VILLARRICA,83.58888888888887
9120018,LOS VOLCANES DE CUILE,LA ARAUCANÍA,VILLARRICA,79.88995726495726
9120019,SIGLO XXI,LA ARAUCANÍA,VILLARRICA,76.17307692307692
9120020,SOL DEL FUTURO ,LA ARAUCANÍA,VILLARRICA,81.36111111111111
9120021,CATEDRAL,LA ARAUCANÍA,VILLARRICA,78.86538461538463
9120022,MIS PRIMEROS PASOS,LA ARAUCANÍA,VILLARRICA,78.51923076923077
9120027,GOTITAS DE AMOR,LA ARAUCANÍA,VILLARRICA,79.06623931623932
9120028,VILLA ESPERANZA,LA ARAUCANÍA,VILLARRICA,81.99786324786325
9120029,LOS COPIHUES,LA ARAUCANÍA,VILLARRICA,79.11965811965813
9120039,LOS HÉROES,LA ARAUCANÍA,VILLARRICA,75.98717948717949
9120042,LAS ARAUCANAS,LA ARAUCANÍA,VILLARRICA,75.94444444444444
9120045,CONQUIL,LA ARAUCANÍA,VILLARRICA,83.10185185185186
10202003,VERDE MAR,LOS LAGOS,ANCUD,71.69555555555556
10202004,LOS CANGREJITOS,LOS LAGOS,ANCUD,75.85897435897435
10202005,LOBITO CHILOTE,LOS LAGOS,ANCUD,62.92094017094016
10202007,AYUN RUKA,LOS LAGOS,ANCUD,61.33703703703704
10202008,RAYITO DE SOL,LOS LAGOS,ANCUD,80.41239316239317
10202009,LA SIRENITA,LOS LAGOS,ANCUD,60.92094017094018
10202010,PASITOS DE CARACOL,LOS LAGOS,ANCUD,65.73824786324788
10202011,QUETALMAHUE,LOS LAGOS,ANCUD,72.21476510067113
10202012,BORDE LUNA,LOS LAGOS,ANCUD,74.33660130718953
10102001,ESTRELLITA,LOS LAGOS,CALBUCO,73.64166666666667
10102002,ISLITA,LOS LAGOS,CALBUCO,67.99506172839507
10102003,MI RINCONCITO,LOS LAGOS,CALBUCO,61.96581196581196
10102004,MI PEQUEÑO MUNDO,LOS LAGOS,CALBUCO,68.44017094017094
10102005,AVELLANAL,LOS LAGOS,CALBUCO,69.59111111111112
10201003,AYEN,LOS LAGOS,CASTRO,69.44097222222223
10201004,RAYITO DE SOL,LOS LAGOS,CASTRO,79.16812865497076
10201005,ELUNEY,LOS LAGOS,CASTRO,77.7905982905983
10201006,LOS CONEJITOS,LOS LAGOS,CASTRO,70.01923076923077
10201007,PEUMAYEN,LOS LAGOS,CASTRO,77.14529914529915
10201008,LAUTARO,LOS LAGOS,CASTRO,74.1474358974359
10201009,ARCO IRIS,LOS LAGOS,CASTRO,73.28846153846153
10103001,MIS PRIMEROS PASITOS,LOS LAGOS,COCHAMÓ,71.86705202312139
10205001,BELLAVISTA,LOS LAGOS,DALCAHUE,49.797222222222224
10205002,RAYUM DUAM,LOS LAGOS,DALCAHUE,89.4888888888889
10104001,CORAZÓN DE ANGEL,LOS LAGOS,FRESIA,27.88888888888889
10104002,EL RINCÓN DEL SABER,LOS LAGOS,FRESIA,66.85897435897435
10105001,FRUTILLITA,LOS LAGOS,FRUTILLAR,77.11835748792271
10105002,PEQUEÑOS ANGELITOS,LOS LAGOS,FRUTILLAR,74.70833333333333
10105003,MANITOS DE COLORES,LOS LAGOS,FRUTILLAR,78.60256410256412
10403001,PASO A PASITO,LOS LAGOS,HUALAIHUE,32.57407407407407
10107005,MI PEQUEÑO PARAÍSO,LOS LAGOS,LLANQUIHUE,73.46913580246913
10106002,DUENDECITOS,LOS LAGOS,LOS MUERMOS,82.06018518518518
10106003,SEMILLITAS DE COLORES,LOS LAGOS,LOS MUERMOS,93.10370370370372
10106004,BROTECITOS DEL MELI,LOS LAGOS,LOS MUERMOS,90.24074074074076
10106005,VENTANITAS DE COLORES,LOS LAGOS,LOS MUERMOS,80.67521367521367
10108002,JUGANDO A CRECER,LOS LAGOS,MAULLÍN,76.42777777777778
10108004,CARELMAPU,LOS LAGOS,MAULLÍN,51.11111111111111
10301001,EL BOSQUE ENCANTADO,LOS LAGOS,OSORNO,64.13043478260869
10301009,BROTES DE AMOR,LOS LAGOS,OSORNO,71.4508547008547
10301010,SEMILLITA,LOS LAGOS,OSORNO,77.3611111111111
10301012,KIMKIMTUAL TA PU PICHIKECHE,LOS LAGOS,OSORNO,63.33146067415729
10301025,BURBUJITAS,LOS LAGOS,OSORNO,67.23333333333333
10301026,PEQUEÑOS GIRASOLES,LOS LAGOS,OSORNO,70.05982905982904
10101004,SEMILLITAS DEL SUR,LOS LAGOS,PUERTO MONTT,59.91609977324263
10101005,ESTRELLITA DE BELÉN,LOS LAGOS,PUERTO MONTT,63.29656862745099
10101007,LAS TEJUELITAS DE ALERCE,LOS LAGOS,PUERTO MONTT,69.72975517890771
10101009,AITUE,LOS LAGOS,PUERTO MONTT,64.54202279202278
10101013,LOS VOLCANCITOS,LOS LAGOS,PUERTO MONTT,76.3125
10101032,GOTITAS DE VIDA,LOS LAGOS,PUERTO MONTT,73.7190170940171
10101035,ESTRELLITAS,LOS LAGOS,PUERTO MONTT,79.83760683760683
10101037,MI NUEVO MUNDO,LOS LAGOS,PUERTO MONTT,78.04807692307693
10101038,MI PEQUEÑO SUBMARINO,LOS LAGOS,PUERTO MONTT,82.31313131313132
10101042,WULFKO,LOS LAGOS,PUERTO MONTT,81.6078431372549
10101043,MANITOS DE COLORES,LOS LAGOS,PUERTO MONTT,64.19444444444443
10101044,CANTA JUEGOS,LOS LAGOS,PUERTO MONTT,78.50641025641025
10101045,RAYITOS DE ESPERANZA,LOS LAGOS,PUERTO MONTT,79.60470085470087
10101046,MI CABAÑITA DE COLORES,LOS LAGOS,PUERTO MONTT,74.64583333333333
10101047,UN MUNDO POR CREAR,LOS LAGOS,PUERTO MONTT,76.23931623931625
10101048,HUELLAS,LOS LAGOS,PUERTO MONTT,73.29914529914531
10101049,ANULEN,LOS LAGOS,PUERTO MONTT,61.39529914529914
10101051,ANGELITOS TRAVIESOS,LOS LAGOS,PUERTO MONTT,64.70192307692308
10101052,LOS PEQUEÑOS GIGANTES,LOS LAGOS,PUERTO MONTT,47.79273504273504
10101053,PALU-SAYEN,LOS LAGOS,PUERTO MONTT,82.06552706552705
10101054,RELMU,LOS LAGOS,PUERTO MONTT,77.88675213675214
10101055,PIMPOLLITO DE MAR,LOS LAGOS,PUERTO MONTT,73.75
10101057,AYELEN,LOS LAGOS,PUERTO MONTT,60.150326797385624
10101058,FAROLITO DE LUZ,LOS LAGOS,PUERTO MONTT,77.43162393162393
10101062,KIMTU,LOS LAGOS,PUERTO MONTT,78.92094017094018
10101063,LAS PALOMITAS,LOS LAGOS,PUERTO MONTT,70.61324786324785
10101064,AYEKANTUN,LOS LAGOS,PUERTO MONTT,77.56837606837608
10101065,ANTU-LEMU,LOS LAGOS,PUERTO MONTT,52.54629629629629
10101066,RINCONCITO DE LUZ,LOS LAGOS,PUERTO MONTT,40.2905982905983
10101067,BOSQUE DE SUEÑOS,LOS LAGOS,PUERTO MONTT,79.1474358974359
10302002,LAS CUNCUNITAS,LOS LAGOS,PUERTO OCTAY,65.56249999999999
10302003,PAUL HARRIS,LOS LAGOS,PUERTO OCTAY,65.01923076923077
10302004,PECECITOS,LOS LAGOS,PUERTO OCTAY,50.059027777777786
10109002,ARCO IRIS,LOS LAGOS,PUERTO VARAS,64.66807909604519
10109005,ENSENADA,LOS LAGOS,PUERTO VARAS,65.51190476190476
10109006,MI NUEVA AVENTURA,LOS LAGOS,PUERTO VARAS,56.89102564102563
10109007,LICARAYEN,LOS LAGOS,PUERTO VARAS,78.91111111111113
10206001,GOTITAS DE MIEL,LOS LAGOS,PUQUELDÓN,78.73076923076923
10303001,CRECIENDO FELIZ,LOS LAGOS,PURRANQUE,28.622222222222227
10303002,PASITOS TRAVIESOS,LOS LAGOS,PURRANQUE,73.83333333333334
10303003,CANGURITO,LOS LAGOS,PURRANQUE,63.89869281045751
10304001,NIDITO DE LUZ,LOS LAGOS,PUYEHUE,53.40625
10304002,LOS DUENDECITOS DEL SALTO,LOS LAGOS,PUYEHUE,52.901709401709404
10304003,PEQUEÑO PARAÍSO,LOS LAGOS,PUYEHUE,45.178294573643406
10207001,LOS BAJITOS,LOS LAGOS,QUEILÉN,62.69444444444444
10208003,RAYITO DE SOL,LOS LAGOS,QUELLÓN,65.51068376068375
10208004,CARIÑOSITOS,LOS LAGOS,QUELLÓN,61.70486111111111
10208006,PEQUEÑOS PASOS,LOS LAGOS,QUELLÓN,65.04059829059828
10208007,SEMILLITAS,LOS LAGOS,QUELLÓN,68.92521367521367
10209001,REGALITOS DEL CIELO,LOS LAGOS,QUEMCHI,74.76100628930817
10210001,GOTITA DE AMOR,LOS LAGOS,QUINCHAO,41.01495726495727
10210002,CUICITOS,LOS LAGOS,QUINCHAO,35.004273504273506
10210003,APIAO,LOS LAGOS,QUINCHAO,47.5718954248366
10210004,MI CASITA DE AMIGOS,LOS LAGOS,QUINCHAO,26.30065359477124
10306001,MARTÍN PESCADOR,LOS LAGOS,SAN JUAN DE LA COSTA,28.79513888888889
10306002,ABUELITO HUENTIAO,LOS LAGOS,SAN JUAN DE LA COSTA,57.60416666666668
10307001,LOS CEREZOS,LOS LAGOS,SAN PABLO,61.040598290598304
11201003,AYSÉN CHIQUITO,AYSÉN,AYSÉN,63.23148148148147
11201018,ARBOLIRIS,AYSÉN,AYSÉN,67.0050505050505
11201019,AYELEN RUKA,AYSÉN,AYSÉN,66.96581196581197
11301001,MI BAKER,AYSÉN,COCHRANE,59.26337448559671
11101006,FUTURO AUSTRAL,AYSÉN,COYHAIQUE,78.19999999999999
11101007,VALLECITO DE AYSÉN,AYSÉN,COYHAIQUE,80.21405228758171
11101008,AYKEN YEMEL,AYSÉN,COYHAIQUE,64.60394265232975
11102003,LOS CORDERITOS,AYSÉN,LAGO VERDE,55.333333333333336
11402031,PEQUEÑOS CAMINANTES,AYSÉN,RÍO IBAÑEZ,73.72222222222223
11303011,CIRUELILLOS EN FLOR,AYSÉN,TORTEL,46.58611111111111
12401009,SHENU AIKE,MAGALLANES,NATALES,87.44065656565655
12401010,NUBES AUSTRALES,MAGALLANES,NATALES,80.33333333333333
12401012,BELLO AMANECER,MAGALLANES,NATALES,84.35353535353536
12401013,MONTAÑAS AZULES,MAGALLANES,NATALES,85.90782828282829
12302002,PASTORCITOS,MAGALLANES,PRIMAVERA,60.061111111111096
12101025,PIECECITOS DE NIÑO,MAGALLANES,PUNTA ARENAS,71.84188034188034
12101032,NELDA PANICUCCI,MAGALLANES,PUNTA ARENAS,65.09986772486772
12101030,ARCHIPIÉLAGO DE CHILOÉ,MAGALLANES,PUNTA ARENAS ,75.97222222222223
12303002,TOLKEN HARU,MAGALLANES,TIMAUKEL,14.851190476190478
12402004,SOLCITO DE LA PATAGONIA,MAGALLANES,TORRES DEL PAINE,87.07407407407408
13502005,LAS UVITAS,METROPOLITANA,ALHUÉ,83.11458333333333
13502006,LAS BRUJITAS DE PICHI,METROPOLITANA,ALHUÉ,77.54861111111111
13402024,MI PEQUEÑO MUNDO,METROPOLITANA,BUIN,80.04209183673468
13402025,MUNDO ENCANTADO,METROPOLITANA,BUIN,79.11541005291005
13403005,LAS ESTRELLITAS,METROPOLITANA,CALERA DE TANGO,86.55555555555556
13403006,GIRASOLES,METROPOLITANA,CALERA DE TANGO,75.82222222222221
13403007,VILLA JESÚS,METROPOLITANA,CALERA DE TANGO,81.98859126984127
13102007,CÓNDORES DE PLATA,METROPOLITANA,CERRILLOS,74.03628117913831
13102008,CARDENAL SILVA HENRÍQUEZ,METROPOLITANA,CERRILLOS,69.21688034188034
13102009,EL MIRADOR CARMEN FUENTES,METROPOLITANA,CERRILLOS,59.563034188034194
13102010,ANGEL FANTUZZI,METROPOLITANA,CERRILLOS,51.4690170940171
13102011,RÍO MAGDALENA,METROPOLITANA,CERRILLOS,67.80876068376068
13102013,ORESTE PLATH,METROPOLITANA,CERRILLOS,78.18269230769232
13102014,VILLA MÉXICO,METROPOLITANA,CERRILLOS,75.76562499999999
13103018,RENACER,METROPOLITANA,CERRO NAVIA,67.2722222222222
13103021,SEMBRANDO FUTURO,METROPOLITANA,CERRO NAVIA,77.82799145299144
13103023,JOSÉ JOAQUÍN PÉREZ,METROPOLITANA,CERRO NAVIA,75.66908212560385
13103024,APOLO XI,METROPOLITANA,CERRO NAVIA,83.97883597883597
13103027,PIECESITOS DE NIÑOZ,METROPOLITANA,CERRO NAVIA,68.74679487179488
13103028,DIAGONAL,METROPOLITANA,CERRO NAVIA,63.92040598290598
13103038,TANGANYCA,METROPOLITANA,CERRO NAVIA,63.81837606837606
13301023,HANSELL Y GRETTEL,METROPOLITANA,COLINA,84.23771367521368
13301026,RAYITO DE SOL,METROPOLITANA,COLINA,82.88111772486772
13301028,ANTILAF,METROPOLITANA,COLINA,78.79761904761905
13301029,CERRITOS DE ESMERALDA,METROPOLITANA,COLINA,82.61858974358975
13301030,ALICIA MOREL,METROPOLITANA,COLINA,81.18482905982906
13301032,ARCA DE NOÉ,METROPOLITANA,COLINA,85.17004985754986
13301033,JESÚS DE PRAGA,METROPOLITANA,COLINA,82.64529914529916
13301034,CARRUSEL DE LAS AMÉRICAS,METROPOLITANA,COLINA,79.98535628019323
13301036,PASITOS DE CHACABUCO,METROPOLITANA,COLINA,84.31962250712252
13301037,SAN BENITO,METROPOLITANA,COLINA,81.88055555555556
13301038,HAPPY DAY,METROPOLITANA,COLINA,80.18803418803418
13301039,NUEVA ESPERANZA,METROPOLITANA,COLINA,76.69062500000001
13301040,ARCO IRIS,METROPOLITANA,COLINA,83.77029914529913
13301041,SANTA TERESITA DE LOS ANDES,METROPOLITANA,COLINA,82.67948717948718
13301042,CASCANUECES,METROPOLITANA,COLINA,81.89444444444443
13301043,INFANCIA FELIZ,METROPOLITANA,COLINA,87.14864417989419
13301045,DULCE MELODÍA,METROPOLITANA,COLINA,81.0758547008547
13104008,DOÑA LETIZIA,METROPOLITANA,CONCHALÍ,83.7302414021164
13104009,ALLIPEN,METROPOLITANA,CONCHALÍ,80.77552552552551
13104010,AYENHUE,METROPOLITANA,CONCHALÍ,84.39957264957265
13104011,AYIN ANTU,METROPOLITANA,CONCHALÍ,83.94502923976607
13104012,PEUMAYEN,METROPOLITANA,CONCHALÍ,85.22037037037038
13104013,JUAN XXIII,METROPOLITANA,CONCHALÍ,78.75792100694444
13503005,POLILLITAS,METROPOLITANA,CURACAVÍ,81.29700854700855
13503008,JOAQUÍN BLAYA,METROPOLITANA,CURACAVÍ,80.63405797101449
13503009,LAS ARAUCARIAS,METROPOLITANA,CURACAVÍ,81.6025641025641
13105009,TENYSON FERRADA,METROPOLITANA,EL BOSQUE,74.67208672086721
13105010,ORLANDO LETELIER,METROPOLITANA,EL BOSQUE,78.49627371273714
13105011,ALBERTO HURTADO,METROPOLITANA,EL BOSQUE,78.28838951310863
13105012,MAGICA AVENTURA,METROPOLITANA,EL BOSQUE,73.45285087719297
13105013,PAULA JARAQUEMADA,METROPOLITANA,EL BOSQUE,83.00189393939394
13105014,MIS PRIMEROS PASOS,METROPOLITANA,EL BOSQUE,82.30372807017542
13105015,SAN FRANCISCO,METROPOLITANA,EL BOSQUE,78.64918414918414
13105016,PARQUE DE LOS REYES,METROPOLITANA,EL BOSQUE,80.78525641025641
13105017,LUZ DE VIDA,METROPOLITANA,EL BOSQUE,80.31271477663229
13105018,CAROL URZÚA,METROPOLITANA,EL BOSQUE,73.76325757575756
13105019,SIN NOMBRE,METROPOLITANA,EL BOSQUE,81.08247422680412
13105020,ANNE SULLIVAN,METROPOLITANA,EL BOSQUE,66.35416666666666
13105021,JUAN GÓMEZ MILLA,METROPOLITANA,EL BOSQUE,82.03333333333335
13602014,MI SEGUNDO HOGAR,METROPOLITANA,EL MONTE,74.70103276353277
13602015,CRECIENDO FELIZ,METROPOLITANA,EL MONTE,80.39999999999999
13602016,TESORO DE MAMÁ,METROPOLITANA,EL MONTE,77.88888888888889
13602017,LOS PEQUEÑOS TRAVIESOS,METROPOLITANA,EL MONTE,70.12582671957672
13602018,LOS PEQUEÑOS CONQUISTADORES,METROPOLITANA,EL MONTE,74.80519943019944
13602019,LOS ANGELITOS DE CHIÑIGUE,METROPOLITANA,EL MONTE,78.61431623931624
13106017,AVELUZ,METROPOLITANA,ESTACIÓN CENTRAL,80.73824786324786
13106018,VILLA FRANCIA,METROPOLITANA,ESTACIÓN CENTRAL,77.67735042735043
13106019,LAS LUCIÉRNAGAS,METROPOLITANA,ESTACIÓN CENTRAL,83.2908496732026
13106021,DUENDES Y ESTRELLITAS,METROPOLITANA,ESTACIÓN CENTRAL,85.45405982905983
13106022,ARTEMISA,METROPOLITANA,ESTACIÓN CENTRAL,90.26719576719577
13106023,KIMELU,METROPOLITANA,ESTACIÓN CENTRAL,88.25793650793649
13106024,MIS PRIMERAS HUELLAS,METROPOLITANA,ESTACIÓN CENTRAL,86.6741452991453
13106025,HUILLINCO,METROPOLITANA,ESTACIÓN CENTRAL,84.78632478632478
13106026,ESTACIÓN ALEGRÍA,METROPOLITANA,ESTACIÓN CENTRAL,82.23611111111111
13107012,LAS PETUNIAS,METROPOLITANA,HUECHURABA,73.96944444444445
13107013,RAYITO DE LUNA,METROPOLITANA,HUECHURABA,70.18402777777777
13107016,LOS LIBERTADORES,METROPOLITANA,HUECHURABA,74.5954415954416
13107017,JORGE INOSTROZA,METROPOLITANA,HUECHURABA,73.67555555555556
13108003,ESTRELLA DE SAN JOSÉ,METROPOLITANA,INDEPENDENCIA,73.59895833333333
13108005,MARÍA VICTORIA,METROPOLITANA,INDEPENDENCIA,75.44999999999999
13108006,PRESIDENTE BALMACEDA,METROPOLITANA,INDEPENDENCIA,79.61746821448314
13108007,GABRIELA MISTRAL,METROPOLITANA,INDEPENDENCIA,76.82478632478632
13603006,LOS ISLEÑITOS,METROPOLITANA,ISLA DE MAIPO,73.98513888888888
13603007,REPÚBLICA DE ITALIA,METROPOLITANA,ISLA DE MAIPO,76.28458049886622
13603008,SAN ANTONIO DE NALTAHUA,METROPOLITANA,ISLA DE MAIPO,47.79597701149426
13110008,LOS CASTORCITOS,METROPOLITANA,LA FLORIDA,68.5234674329502
13110011,LOS OSITOS,METROPOLITANA,LA FLORIDA,80.26441631504923
13110013,SAN ESTEBAN,METROPOLITANA,LA FLORIDA,74.3320987654321
13110014,VILLA O'HIGGINS,METROPOLITANA,LA FLORIDA,74.22140522875817
13110026,ESTRELLA DE BELÉN,METROPOLITANA,LA FLORIDA,68.50238095238095
13110028,JAVIERA CARRERA,METROPOLITANA,LA FLORIDA,75.6298798798799
13110029,CINDERELLA,METROPOLITANA,LA FLORIDA,52.58165548098434
13110030,ELUNEY,METROPOLITANA,LA FLORIDA,76.14197530864197
13110032,GIRASOL,METROPOLITANA,LA FLORIDA,73.13888888888889
13110033,CATALUÑA,METROPOLITANA,LA FLORIDA,72.60515873015873
13110034,EL NARANJITO,METROPOLITANA,LA FLORIDA,66.44080687830687
13110037,LOS ALMENDROS,METROPOLITANA,LA FLORIDA,70.97111111111111
13110038,MARCELA PAZ,METROPOLITANA,LA FLORIDA,77.26570048309178
13110039,BARCO DE COLORES,METROPOLITANA,LA FLORIDA,82.07596371882086
13110040,ANTU MAHUIDA,METROPOLITANA,LA FLORIDA,74.76466049382717
13111010,SAN FRANCISCO DE ASÍS,METROPOLITANA,LA GRANJA,79.04305555555555
13111021,ARCO IRIS,METROPOLITANA,LA GRANJA,69.44764957264957
13111022,PADRE HURTADO,METROPOLITANA,LA GRANJA,86.33796296296296
13111023,LAS YUCAS,METROPOLITANA,LA GRANJA,68.68121693121694
13111025,FRANCISCO FRÍAS VALENZUELA,METROPOLITANA,LA GRANJA,76.04700854700855
13112026,SOCIEDAD ACTIVA,METROPOLITANA,LA PINTANA,70.83046636085626
13112025,EL ROBLE,METROPOLITANA,LA PINTANA,71.93370165745857
13112032,SIN NOMBRE,METROPOLITANA,LA PINTANA,72.75320512820512
13113002,CUNDALI,METROPOLITANA,LA REINA,76.45267489711934
13113003,LAURITA VICUÑA,METROPOLITANA,LA REINA,67.98931623931624
13113005,DIEGO PORTALES,METROPOLITANA,LA REINA,48.92538126361656
13113006,ESTRELLITAS,METROPOLITANA,LA REINA,60.89636752136752
13113007,EL CANELO,METROPOLITANA,LA REINA,67.96367521367522
13113008,EL ALERCE,METROPOLITANA,LA REINA,66.92094017094017
13113009,EL AVELLANO,METROPOLITANA,LA REINA,69.86431623931625
13113010,ARCO IRIS,METROPOLITANA,LA REINA,63.68376068376068
13302011,SOLCITO,METROPOLITANA,LAMPA,80.32371794871796
13302012,NIDO DE ANGELITOS,METROPOLITANA,LAMPA,81.82777777777778
13302013,HUELEMU,METROPOLITANA,LAMPA,88.34176587301586
13302015,MI PEQUEÑO LUCERO,METROPOLITANA,LAMPA,63.92028985507247
13302016,LARAPINTA,METROPOLITANA,LAMPA,75.77884615384616
13302018,NUESTRO FUTURO,METROPOLITANA,LAMPA,84.20726495726497
13302021,INTERCULTURAL LAMPA,METROPOLITANA,LAMPA,71.05291005291005
13302024,TRENCITO DE ALEGRÍA,METROPOLITANA,LAMPA,75.54232804232805
13302025,MIS PRIMEROS PASITOS,METROPOLITANA,LAMPA,73.73015873015872
13114010,EL ALBA,METROPOLITANA,LAS CONDES,0.0
13115009,LOS MANZANOS,METROPOLITANA,LO BARNECHEA,72.65277777777777
13116009,ESTRELLITAS DE LA MAÑANA,METROPOLITANA,LO ESPEJO,90.03306878306879
13116010,PEQUEÑOS GIGANTES,METROPOLITANA,LO ESPEJO,90.12830687830687
13116011,MIS PRIMEROS PASOS,METROPOLITANA,LO ESPEJO,95.24603174603173
13116014,MI MUNDO EN MINIATURAS,METROPOLITANA,LO ESPEJO,89.38548752834467
13116015,HUELEMU,METROPOLITANA,LO ESPEJO,82.63174603174603
13116016,MANITOS DE COLORES,METROPOLITANA,LO ESPEJO,89.57264957264958
13117018,DEJANDO HUELLAS,METROPOLITANA,LO PRADO,72.12179487179486
13117019,SEMILLITA DE AMOR,METROPOLITANA,LO PRADO,81.77222222222221
13117020,MUSTAFA KEMAL ATATURK,METROPOLITANA,LO PRADO,75.78952991452991
13117021,TIERRA DE NIÑOS,METROPOLITANA,LO PRADO,69.62931034482757
13117022,REMOLINO DE ALEGRÍA,METROPOLITANA,LO PRADO,79.37777777777778
13117023,ESPACIO FELIZ,METROPOLITANA,LO PRADO,78.99444444444444
13117024,TAIÑFOLIL,METROPOLITANA,LO PRADO,84.28098290598291
13118014,EL RANCHITO,METROPOLITANA,MACUL,81.69117647058825
13118015,ESPERANZA,METROPOLITANA,MACUL,63.97596153846153
13118016,MIS PRIMEROS PASITOS,METROPOLITANA,MACUL,83.92222222222223
13118017,MIS 23 ESTRELLITAS,METROPOLITANA,MACUL,84.29259259259258
13118018,SEMILLITAS DE AMOR,METROPOLITANA,MACUL,68.043327294686
13118019,ILUÑA POREKO TAÑI MAPU,METROPOLITANA,MACUL,82.08333333333333
13118021,PEQUE ARTE,METROPOLITANA,MACUL,81.86324786324786
13118022,RENACER,METROPOLITANA,MACUL,83.47089947089947
13118023,ANTAWARA ENAU QUIMEY,METROPOLITANA,MACUL,69.83974358974359
13119003,PEQUEÑOS EXPLORADORES,METROPOLITANA,MAIPÚ,70.56597222222223
13119004,DIVINA PROVIDENCIA,METROPOLITANA,MAIPÚ,70.73333333333333
13119010,EMANUEL,METROPOLITANA,MAIPÚ,64.84104938271604
13119017,BLANCO ENCALADA,METROPOLITANA,MAIPÚ,65.3921568627451
13119018,VICENTE REYES,METROPOLITANA,MAIPÚ,68.49444444444444
13119019,VILLA PEHUÉN,METROPOLITANA,MAIPÚ,79.469806763285
13119020,PALLAMAR,METROPOLITANA,MAIPÚ,74.91650132275132
13119021,SAN JUAN,METROPOLITANA,MAIPÚ,73.78502415458937
13119022,PINCELES Y COLORES,METROPOLITANA,MAIPÚ,72.55255255255256
13119023,NUEVO MUNDO,METROPOLITANA,MAIPÚ,73.53952991452992
13119024,ANKATÚ,METROPOLITANA,MAIPÚ,71.67460317460316
13119025,KIN RUKA,METROPOLITANA,MAIPÚ,72.56623931623932
13119026,LAS ABEJITAS,METROPOLITANA,MAIPÚ,83.35185185185185
13119027,CASCANUECES,METROPOLITANA,MAIPÚ,68.3611111111111
13119028,PEQUEÑA MARAVILLAS,METROPOLITANA,MAIPÚ,72.47222222222221
13119029,AITUE,METROPOLITANA,MAIPÚ,72.72354497354497
13119030,SEMILLITAS DE AMOR,METROPOLITANA,MAIPÚ,65.00747863247864
13119031,MOLINO DE COLORES,METROPOLITANA,MAIPÚ,75.29059829059828
13119032,SINFONÍA MÁGICA,METROPOLITANA,MAIPÚ,73.12286324786325
13119033,LOS SOLCITOS,METROPOLITANA,MAIPÚ,78.44337606837607
13119034,ALTAWEÑI,METROPOLITANA,MAIPÚ,76.37698412698413
13119035,RAYEN MAPU,METROPOLITANA,MAIPÚ,67.5801282051282
13119036,ALON KURA,METROPOLITANA,MAIPÚ,67.36772486772486
13119040,VALLE VERDE,METROPOLITANA,MAIPÚ,68.87499999999999
13119042,ESDRAS,METROPOLITANA,MAIPÚ,75.86904761904762
13119043,EL TRANQUE,METROPOLITANA,MAIPÚ,80.25529100529101
13504003,SANTA RITA DE CASIA,METROPOLITANA,MARÍA PINTO,83.39533730158732
13504004,LOS RULITOS,METROPOLITANA,MARÍA PINTO,82.26653439153439
13501006,CANELUZ,METROPOLITANA,MELIPILLA,71.11590038314178
13501029,CASA DE TRAVESURAS,METROPOLITANA,MELIPILLA,46.717770655270655
13501033,NUEVO AMANECER,METROPOLITANA,MELIPILLA,57.76261337868481
13501034,EL TRENCITO,METROPOLITANA,MELIPILLA,48.08093584656085
13501035,ALTO DE CANTILLANA,METROPOLITANA,MELIPILLA,52.779017857142854
13501039, CAPULLITO DE LOS CARDENALES,METROPOLITANA,MELIPILLA,64.90491452991454
13501040,EL SOLCITO,METROPOLITANA,MELIPILLA,56.44444444444444
13501041,LAS MARAVILLAS DE ULMÉN,METROPOLITANA,MELIPILLA,52.352657004830924
13501057,PIECESITOS DE NIÑOS Y NIÑAS,METROPOLITANA,MELIPILLA,44.55135658914728
13501058,GUALMAPU,METROPOLITANA,MELIPILLA,43.647401433691755
13501059,ANGELITOS,METROPOLITANA,MELIPILLA,45.640008960573475
13501061,SONRISITAS,METROPOLITANA,MELIPILLA,60.0843621399177
13501066,ANTYLLAL,METROPOLITANA,MELIPILLA,69.42735042735043
13120014,NARANJITA,METROPOLITANA,ÑUÑOA,75.01984126984127
13120015,CABALLITO AZUL,METROPOLITANA,ÑUÑOA,76.42521367521368
13120016,MANZANILLA,METROPOLITANA,ÑUÑOA,68.86177884615384
13604008,PADRE HURTADO,METROPOLITANA,PADRE HURTADO,84.06927910052912
13604009,CHIQUITINES,METROPOLITANA,PADRE HURTADO,85.50132275132276
13604013,CRISTAL DE CHILE,METROPOLITANA,PADRE HURTADO,87.10363247863248
13604037,PARQUE EL SOL,METROPOLITANA,PADRE HURTADO,90.53828347578346
13404013,ANTÚ,METROPOLITANA,PAINE,81.03515625
13404014,MI PEQUEÑO TESORO,METROPOLITANA,PAINE,79.48941798941797
13404017,RINCONCITO FELIZ,METROPOLITANA,PAINE,71.57823129251702
13404018,VIÉNDONOS CRECER,METROPOLITANA,PAINE,73.4871794871795
13404019,DULCE ESPERANZA,METROPOLITANA,PAINE,70.7991452991453
13404020,CARICIAS DE PINTUÉ,METROPOLITANA,PAINE,51.666666666666686
13404026,MUNDO ACTIVO,METROPOLITANA,PAINE,75.30876068376068
13404027,LAS POSESIONES,METROPOLITANA,PAINE,60.46316425120772
13404028,LAS AMÉRICAS,METROPOLITANA,PAINE,75.10925925925928
13121016,FÉLIX MENDELSSOHN,METROPOLITANA,PEDRO AGUIRRE CERDA,78.5811965811966
13121017,OCHAGAVÍA,METROPOLITANA,PEDRO AGUIRRE CERDA,77.48076923076923
13121018,CEIA,METROPOLITANA,PEDRO AGUIRRE CERDA,76.5128205128205
13121019,OVALLE,METROPOLITANA,PEDRO AGUIRRE CERDA,81.26602564102564
13121020,LA VICTORIA,METROPOLITANA,PEDRO AGUIRRE CERDA,84.1826923076923
13121021,CIUDAD DE BARCELONA,METROPOLITANA,PEDRO AGUIRRE CERDA,81.28952991452991
13121022,LO OVALLE,METROPOLITANA,PEDRO AGUIRRE CERDA,76.78952991452992
13121023,JOSÉ BACKAUSSE,METROPOLITANA,PEDRO AGUIRRE CERDA,78.88782051282051
13121024,POETAS DE CHILE,METROPOLITANA,PEDRO AGUIRRE CERDA,75.16666666666667
13121025,EUGENIO PEREIRA SALAS,METROPOLITANA,PEDRO AGUIRRE CERDA,80.09935897435898
13605021,MI NUEVO MUNDO,METROPOLITANA,PEÑAFLOR,82.29807692307692
13605022,CARRUSEL,METROPOLITANA,PEÑAFLOR,83.30021367521367
13605023,MALLARAUCO,METROPOLITANA,PEÑAFLOR,79.94230769230768
13605025,TENIENTE JAIME SAENZ,METROPOLITANA,PEÑAFLOR,85.1460113960114
13202009,LAS ALMENDRITAS DE SAN JUAN,METROPOLITANA,PIRQUE,68.90688405797101
13202011,GREGORIA PAZ,METROPOLITANA,PIRQUE,75.23039215686275
13202012,LA GRANJITA DE PIRQUE,METROPOLITANA,PIRQUE,82.57388888888889
13202015,SANTA RITA,METROPOLITANA,PIRQUE,0.0
13124011,VILLA UNIVERSO,METROPOLITANA,PUDAHUEL,73.50000000000001
13124021,LAS VIÑAS,METROPOLITANA,PUDAHUEL,54.096221502955245
13124023,CARACOL,METROPOLITANA,PUDAHUEL,77.51169590643275
13124024,ALBERT EDEFELT,METROPOLITANA,PUDAHUEL,76.481884057971
13124025,FRIDA KAHLO,METROPOLITANA,PUDAHUEL,78.68589743589743
13124026,LEONARDO DA VINCI,METROPOLITANA,PUDAHUEL,63.546875
13124027,ROBERTO MATTA,METROPOLITANA,PUDAHUEL,61.1233660130719
13124028,PEDRO LIRA,METROPOLITANA,PUDAHUEL,58.99131944444444
13124029,JOAN MIRÓ,METROPOLITANA,PUDAHUEL,70.3792735042735
13201025,FRANCISCO COLOANE,METROPOLITANA,PUENTE ALTO,75.2473544973545
13201026,SOL LUMINOSO,METROPOLITANA,PUENTE ALTO,65.01412429378531
13201036,VOLCÁN SAN JOSÉ,METROPOLITANA,PUENTE ALTO,76.35476190476192
13201043,SARGENTO MENADIER,METROPOLITANA,PUENTE ALTO,39.55633680555556
13201044,RAY MAPU,METROPOLITANA,PUENTE ALTO,76.52513888888889
13201050,PADRE HURTADO,METROPOLITANA,PUENTE ALTO,78.90468409586055
13201057,ANDES DEL SUR,METROPOLITANA,PUENTE ALTO,79.49603174603175
13201061,CHILOÉ,METROPOLITANA,PUENTE ALTO,64.78098290598291
13201062,TRONCAL SAN FRANCISCO,METROPOLITANA,PUENTE ALTO,78.06066066066066
13201069,ALTUÉ,METROPOLITANA,PUENTE ALTO,60.92866387893269
13201071,MARISCAL,METROPOLITANA,PUENTE ALTO,68.57692307692307
13201073,ROSARIO GARRIDO ARAVENA,METROPOLITANA,PUENTE ALTO,65.9793113425926
13201074,HUMBERTO DÍAZ,METROPOLITANA,PUENTE ALTO,73.6068376068376
13201075,LAS AZALEAS,METROPOLITANA,PUENTE ALTO,56.61538461538461
13201076,PACÍFICO SUR,METROPOLITANA,PUENTE ALTO,79.72008547008548
13201077,FRANCISCO COLOANE II,METROPOLITANA,PUENTE ALTO,77.63461538461539
13201079,LOS CANALES,METROPOLITANA,PUENTE ALTO,63.52564102564102
13201081,FERROVIARIA,METROPOLITANA,PUENTE ALTO,63.293941570881216
13201082,BERNARDO LEIGTHON,METROPOLITANA,PUENTE ALTO,88.18783068783068
13201083,VISTA HERMOSA,METROPOLITANA,PUENTE ALTO,79.72089947089948
13201085,CERRITO ARRIBA,METROPOLITANA,PUENTE ALTO,73.09081196581198
13201087,LOMAS ORIENTE,METROPOLITANA,PUENTE ALTO,71.77350427350427
13201088,CASAS VIEJAS,METROPOLITANA,PUENTE ALTO,75.75534188034189
13201089,DON VICENTE,METROPOLITANA,PUENTE ALTO,72.9423076923077
13201090,NOCEDAL,METROPOLITANA,PUENTE ALTO,65.45833333333333
13201091,LOS NOGALES,METROPOLITANA,PUENTE ALTO,79.72329059829059
13201092,MONSEÑOR ALVEAR,METROPOLITANA,PUENTE ALTO,72.44337606837607
13201097,PEDRO LIRA,METROPOLITANA,PUENTE ALTO,74.67724867724867
13201098,SAN PEDRO Y SAN PABLO,METROPOLITANA,PUENTE ALTO,78.10251322751324
13201099,ALMENDRAL,METROPOLITANA,PUENTE ALTO,66.33169934640522
13201100,SAN JOSÉ DE LA CONSTRUCCIÓN,METROPOLITANA,PUENTE ALTO,64.88558201058201
13201106,SOR TERESA,METROPOLITANA,PUENTE ALTO,73.65384615384615
13201107,CREACIÓN,METROPOLITANA,PUENTE ALTO,80.10470085470087
13201111,LA FRONTERA,METROPOLITANA,PUENTE ALTO,79.57799145299145
13201112,LOS ROBLES,METROPOLITANA,PUENTE ALTO,78.27327127659575
13125003,GABRIERLA MISTRAL,METROPOLITANA,QUILICURA,72.52832825203254
13125007,COLMENITA,METROPOLITANA,QUILICURA,69.006006006006
13125009,BEATO PADRE HURTADO,METROPOLITANA,QUILICURA,76.17200854700855
13125010,PARINACOTA,METROPOLITANA,QUILICURA,78.44017094017094
13125011,PASCUAL GAMBINO,METROPOLITANA,QUILICURA,83.2
13125012,LOS MOLINOS,METROPOLITANA,QUILICURA,77.12179487179486
13125013,RIGOBERTO PUEBLA,METROPOLITANA,QUILICURA,74.66773504273505
13125014,MANUEL GUERRERO,METROPOLITANA,QUILICURA,75.77564102564102
13125016,JOSÉ MANUEL PARADA,METROPOLITANA,QUILICURA,74.5988247863248
13125018,HUGO MARCHANT,METROPOLITANA,QUILICURA,79.72435897435898
13125019,ANDRÉS AYLWIN AZÓCAR,METROPOLITANA,QUILICURA,79.94337606837607
13126014,AMANDA LABARCA,METROPOLITANA,QUINTA NORMAL,81.86666666666665
13126015,MEMBRILLAR,METROPOLITANA,QUINTA NORMAL,81.6025641025641
13126016,CALICANTO,METROPOLITANA,QUINTA NORMAL,79.25747863247862
13126017,AYEKAN,METROPOLITANA,QUINTA NORMAL,85.87820512820514
13126007,POETA PEDRO PRADO,METROPOLITANA,QUINTA NORMAL,72.34926470588235
13126008,PAICAVÍ,METROPOLITANA,QUINTA NORMAL,82.36030204962242
13126019,CATALPA,METROPOLITANA,QUINTA NORMAL,81.83333333333334
13127013,JUANITA FERNÁNDEZ,METROPOLITANA,RECOLETA,55.82222222222223
13127014,LOS RECOLETITOS,METROPOLITANA,RECOLETA,64.77777777777777
13127016,SEMILLA Y SOL,METROPOLITANA,RECOLETA,59.22777777777778
13127017,LEONOR OSORIO LLANTÉN,METROPOLITANA,RECOLETA,70.20405982905983
13127021,LAS VIOLETAS,METROPOLITANA,RECOLETA,83.53418803418803
13128016,CUMBRE VOLCÁN OJOS DEL SALADO,METROPOLITANA,RENCA,52.62796108291031
13128033,CUMBRE VOLCÁN OSORNO,METROPOLITANA,RENCA,68.45085470085472
13128034,CUMBRE CERRO ACONCAGUA,METROPOLITANA,RENCA,62.6784188034188
13128035,CUMBRE MONTE DE EVEREST,METROPOLITANA,RENCA,66.5576923076923
13128036,CUMBRE TORRES DEL PAINE,METROPOLITANA,RENCA,57.206730769230774
13128037,CUMBRE VOLCÁN VILLARRICA,METROPOLITANA,RENCA,60.614316239316246
13128038,CUMBRE VOLCÁN LONQUIMAY,METROPOLITANA,RENCA,60.4962962962963
13128040,CUMBRE MONTE KILIMAJARO,METROPOLITANA,RENCA,56.77407407407408
13128041,CUMBRE VOLCÁN NEVADO INCAHUASI,METROPOLITANA,RENCA,73.49358974358975
13128042,CUMBRE VOLCÁN PARINACOTA,METROPOLITANA,RENCA,62.95192307692308
13401026,RAPANUI,METROPOLITANA,SAN BERNARDO,69.53400735294117
13401027,RAYEN,METROPOLITANA,SAN BERNARDO,69.43097643097641
13401029,SILLANKI,METROPOLITANA,SAN BERNARDO,58.416666666666664
13401033,ELUNEY,METROPOLITANA,SAN BERNARDO,62.778985507246375
13401034,MILLARAY,METROPOLITANA,SAN BERNARDO,59.638888888888886
13401035,SUEÑOS DE COLORES,METROPOLITANA,SAN BERNARDO,74.7704326923077
13401036,TODOS LOS SANTOS,METROPOLITANA,SAN BERNARDO,77.7704326923077
13401037,AYELEN,METROPOLITANA,SAN BERNARDO,72.38392857142857
13401038,BRAULIO ARENAS,METROPOLITANA,SAN BERNARDO,74.0366847826087
13401039,MAPU PUPEÑI,METROPOLITANA,SAN BERNARDO,73.2907608695652
13401041,INTI SUYAI,METROPOLITANA,SAN BERNARDO,69.16947115384615
13401042,TIERRA DE ANGELES,METROPOLITANA,SAN BERNARDO,59.89739229024943
13401043,COLOR ESPERANZA,METROPOLITANA,SAN BERNARDO,64.86031746031748
13401045,POYENTU-MAPU,METROPOLITANA,SAN BERNARDO,78.25360576923076
13129008,PRINCIPITO,METROPOLITANA,SAN JOAQUÍN,80.11559139784946
13203005,COÑUE,METROPOLITANA,SAN JOSÉ DE MAIPO,84.03703703703704
13203006,RAI MAPU,METROPOLITANA,SAN JOSÉ DE MAIPO,78.25000000000001
13203007,VISVIRI,METROPOLITANA,SAN JOSÉ DE MAIPO,83.77136752136754
13203008,RIGOLEMO,METROPOLITANA,SAN JOSÉ DE MAIPO,75.45555555555555
13130003,VILLA SAN MIGUEL,METROPOLITANA,SAN MIGUEL,77.75534188034189
13130004,SANTA FÉ,METROPOLITANA,SAN MIGUEL,82.28952991452991
13130006,ANDRÉS BELLO,METROPOLITANA,SAN MIGUEL,82.82086167800453
13130007,TERRITORIO ANTARTICO,METROPOLITANA,SAN MIGUEL,87.02592592592592
13130008,LLANO SUBERCASEAUX,METROPOLITANA,SAN MIGUEL,87.08091787439614
13505008,FRUTILLITA,METROPOLITANA,SAN PEDRO,83.47849462365592
13505009,LOS CONEJITOS DE LLANCAY,METROPOLITANA,SAN PEDRO,69.49333900226758
13131005,LAS HORMIGUITAS,METROPOLITANA,SAN RAMÓN,69.69731800766283
13131009,PRÍNCIPES DEL REINO,METROPOLITANA,SAN RAMÓN,65.03650284900286
13131010,SEMILLITAS DE ESPERANZA,METROPOLITANA,SAN RAMÓN,76.13461538461537
13131014,CABALLITO FELIZ,METROPOLITANA,SAN RAMÓN,75.2732426303855
13131015,AKUN PICGIWENTXU,METROPOLITANA,SAN RAMÓN,76.2233918128655
13131016,MODELO,METROPOLITANA,SAN RAMÓN,77.37179487179488
13601010,TEGUALDA,METROPOLITANA,TALAGANTE,80.78418803418803
13601011,MADRE CAMPESINA,METROPOLITANA,TALAGANTE,79.01495726495725
13601012,EL ROTO CHILENO,METROPOLITANA,TALAGANTE,77.68910256410255
13601014,MUNDO FELIZ,METROPOLITANA,TALAGANTE,77.40277777777777
13303007,SEMILLITAS DE POLPAICO,METROPOLITANA,TIL TIL,40.21031746031746
13303015,RUNGUE,METROPOLITANA,TIL TIL,39.679487179487175
13303016,MONTENEGRO,METROPOLITANA,TIL TIL,46.690170940170944
13303019,MARÍA MONTESSORI,METROPOLITANA,TIL TIL,46.065170940170944
14102003,SEMILLITAS DE AMOR,LOS RÍOS,CORRAL,40.77450980392157
14102004,CISNECITOS DEL MAR,LOS RÍOS,CORRAL,42.46925566343041
14202003,RAYEN UÑELFE,LOS RÍOS,FUTRONO,47.91812865497076
14202004,LAS ORUGUITAS,LOS RÍOS,FUTRONO,47.93961352657004
14202006,SEMILLITAS DEL EDÉN,LOS RÍOS,FUTRONO,72.70261437908498
14201003,SEMILLITAS,LOS RÍOS,LA UNIÓN,62.682098765432094
14201004,VISTA HERMOSA,LOS RÍOS,LA UNIÓN,69.11324786324788
14201007,CREANDO SUEÑOS,LOS RÍOS,LA UNIÓN,59.37393162393163
14201008,VILLA CAUPOLICÁN,LOS RÍOS,LA UNIÓN,73.63034188034186
14201009,RETONO DE LOS RÍOS,LOS RÍOS,LA UNIÓN,64.83333333333333
14201010,LOS CARIÑOSITOS,LOS RÍOS,LA UNIÓN,63.35947712418301
14201013,ERIKIN,LOS RÍOS,LA UNIÓN,47.45098039215686
14203004,LOS BROTECITOS DE IGNAO,LOS RÍOS,LAGO RANCO,72.20261437908498
14203005,RAYITO DE SOL,LOS RÍOS,LAGO RANCO,50.58333333333332
14103003,UNIVERSO INFANTIL,LOS RÍOS,LANCO,53.408119658119645
14103005,RUKA KIMUN,LOS RÍOS,LANCO,75.22777777777776
14103053,WE LIWEN,LOS RÍOS,LANCO,73.1
14104003,SEMILLITAS DE AMOR,LOS RÍOS,LOS LAGOS,76.31045751633987
14104004,RAYEN TRAY,LOS RÍOS,LOS LAGOS,49.60925925925926
14104005,CASCANUECES,LOS RÍOS,LOS LAGOS,66.15811965811965
14104006,MIS PRIMEROS PASOS,LOS RÍOS,LOS LAGOS,69.09477124183007
14104007,EL TRANCALSITO,LOS RÍOS,LOS LAGOS,82.04814814814816
14105001,AYELEN,LOS RÍOS,MAFIL,54.788888888888884
14105010,PEQUEÑOS GRANJEROS,LOS RÍOS,MAFIL,75.32222222222221
14106001,SUEÑOS DE NIÑOS,LOS RÍOS,MARIQUINA,29.010683760683765
14106003,NEWEN LAFQUEN,LOS RÍOS,MARIQUINA,61.64379084967321
14106005,PASO A PASITO,LOS RÍOS,MARIQUINA,79.21895424836603
14106006,MANITOS CREADORAS,LOS RÍOS,MARIQUINA,66.49629629629631
14106007,SEMILLITAS DE ALEGRÍA,LOS RÍOS,MARIQUINA,65.09477124183007
14106010,PADRE MAMERTO,LOS RÍOS,MARIQUINA,51.36752136752136
14108011,KUPULWE,LOS RÍOS,PANGUIPULLI,79.00154320987654
14108012,QUECHUMALAL,LOS RÍOS,PANGUIPULLI,87.39880952380953
14108013,KIMEN,LOS RÍOS,PANGUIPULLI,60.0462962962963
14108014,METATUWE LLONGAHUE,LOS RÍOS,PANGUIPULLI,79.02380952380952
14108015,RUCAMILLA,LOS RÍOS,PANGUIPULLI,57.03846153846154
14108016,LOS QUERUBINES,LOS RÍOS,PANGUIPULLI,82.05902777777779
14108017,PEUMAYEN,LOS RÍOS,PANGUIPULLI,46.05555555555556
14108018,ESTRELLITAS FELICES,LOS RÍOS,PANGUIPULLI,68.30718954248366
14108021,PUDÚ,LOS RÍOS,PANGUIPULLI,78.72549019607843
14204003,CARRUSEL,LOS RÍOS,RÍO BUENO,79.87600644122384
14204004,LAS AZUCENAS,LOS RÍOS,RÍO BUENO,76.32264957264957
14204011,PADRE HURTADO,LOS RÍOS,RÍO BUENO,77.82407407407406
14204012,CAYURRUCA,LOS RÍOS,RÍO BUENO,77.87345679012347
14204021,RAYITO DE SOL,LOS RÍOS,RÍO BUENO,70.78395061728395
14101013,GOTITAS DE LLUVIA,LOS RÍOS,VALDIVIA,50.08190883190883
14101015,ESCUELA FRANCIA,LOS RÍOS,VALDIVIA,64.89043209876544
14101016,KATEMU,LOS RÍOS,VALDIVIA,65.89351851851852
14101017,PEDACITO DE CIELO,LOS RÍOS,VALDIVIA,67.36046511627906
14101018,PESCADORES DE SUEÑOS,LOS RÍOS,VALDIVIA,65.88888888888889
14101019,PASO A PASITO,LOS RÍOS,VALDIVIA,66.11419753086419
14101021,GUACAMAYO,LOS RÍOS,VALDIVIA,64.09444444444445
14101022,FERNANDO SANTIVAN,LOS RÍOS,VALDIVIA,80.84541062801931
14101023,LOURDES,LOS RÍOS,VALDIVIA,68.44907407407406
14101025,PEEWE PEWMA,LOS RÍOS,VALDIVIA,76.60784313725489
14101026,ESTRELLITA NUESTRA,LOS RÍOS,VALDIVIA,36.64705882352941
14101027,INDEPENDENCIA,LOS RÍOS,VALDIVIA,54.71481481481481
14101029,ALTUE,LOS RÍOS,VALDIVIA,62.8111111111111
14101030,ANTUKAMEL,LOS RÍOS,VALDIVIA,68.48412698412699
14101031,LA MAGIA DE LOS RÍOS,LOS RÍOS,VALDIVIA,68.88746438746438
14101032,LOS AVELLANOS,LOS RÍOS,VALDIVIA,76.72549019607843
14101033,LOS ALCALDES,LOS RÍOS,VALDIVIA,62.67171717171717
15101017,MAZORQUITA,ARICA Y PARINACOTA,ARICA,58.76470588235294
15101019,CARITA DE SOL,ARICA Y PARINACOTA,ARICA,76.49777777777777
15101026,URUCHI AMAYA,ARICA Y PARINACOTA,ARICA,64.27777777777777
15101027,SUEÑO DE ANGELITO,ARICA Y PARINACOTA,ARICA,67.50771604938272
15101028,MI RINCONCITO FELIZ,ARICA Y PARINACOTA,ARICA,73.85897435897436
15101029,ESTRELLITAS DEL SABER,ARICA Y PARINACOTA,ARICA,60.677469135802475
15101030,SUMA PANQARITAS,ARICA Y PARINACOTA,ARICA,76.73225806451612
15101031,ARCO IRIS,ARICA Y PARINACOTA,ARICA,71.75601374570446
15101034,INTI JALSU,ARICA Y PARINACOTA,ARICA,71.73456790123457
15101035,PAYACHATAS,ARICA Y PARINACOTA,ARICA,63.983024691358025
15101050,MIS PRIMEROS PASOS,ARICA Y PARINACOTA,ARICA,73.22916666666666
16102002,MIS ANGELITOS,ÑUBLE,BULNES,70.03125
16102003,INFANCIA FELIZ,ÑUBLE,BULNES,64.63888888888889
16102004,MIS CARIÑOSITOS,ÑUBLE,BULNES,75.61666666666666
16102005,MIS PEQUEÑOS DUENDECITOS,ÑUBLE,BULNES,71.75854700854701
16102006,MIS PRIMEROS PASOS,ÑUBLE,BULNES,73.90476190476191
16102008,MIS PEQUEÑOS CORAZONES,ÑUBLE,BULNES,65.54273504273505
16101010,PEQUEÑO ARCOIRIS,ÑUBLE,CHILLÁN,65.65555555555555
16101011,MANITOS MÁGICAS,ÑUBLE,CHILLÁN,50.77222222222222
16101012,PEQUEÑA LUNITA,ÑUBLE,CHILLÁN,65.00252525252526
16101013,LUZ DE KERUBIEL,ÑUBLE,CHILLÁN,74.30000000000001
16101014,GOTITAS DE AMOR,ÑUBLE,CHILLÁN,53.18055555555555
16101015,LOS ARTESANITOS,ÑUBLE,CHILLÁN,53.05555555555556
16101016,CAPULLITO,ÑUBLE,CHILLÁN,44.11988304093568
16101017,ESTRELLITAS DE LUZ,ÑUBLE,CHILLÁN,70.78632478632478
16101018,RAYITO DE SOL,ÑUBLE,CHILLÁN,77.51909722222223
16101020,LOS GIRASOLES,ÑUBLE,CHILLÁN,58.65705128205128
16101021,RINCONCITO ENCANTADO,ÑUBLE,CHILLÁN,52.92592592592593
16101022,MIS PRIMEROS PASITOS,ÑUBLE,CHILLÁN,62.82638888888889
16101023,CASITA DEL SOL,ÑUBLE,CHILLÁN,67.71180555555556
16101024,ROBLIN,ÑUBLE,CHILLÁN,53.53739316239315
16101025,MI PRIMERA ESTACIÓN,ÑUBLE,CHILLÁN,61.87820512820513
16101026,TEJITAS,ÑUBLE,CHILLÁN,68.17708333333333
16101027,MARÍA INÉS FULLER,ÑUBLE,CHILLÁN,71.33928571428572
16101028,CASTILLITO ESPERANZA,ÑUBLE,CHILLÁN,48.84615384615385
16101031,BRISAS DEL VOLCÁN,ÑUBLE,CHILLÁN,61.583333333333336
16101032,PASITOS AL FUTURO,ÑUBLE,CHILLÁN,45.23931623931624
16101033,MIS PRIMEROS SUEÑOS,ÑUBLE,CHILLÁN,65.94764957264958
16101034,SEMILLITAS,ÑUBLE,CHILLÁN,41.86616161616161
16103002,PADRE HURTADO,ÑUBLE,CHILLÁN VIEJO,63.42666666666666
16103004,RÍOS DEL SUR,ÑUBLE,CHILLÁN VIEJO,79.39444444444443
16103005,RUCAPEQUÉN,ÑUBLE,CHILLÁN VIEJO,61.5438596491228
16103006,LAS MANITOS,ÑUBLE,CHILLÁN VIEJO,60.6010101010101
16103007,HAPPY DAY,ÑUBLE,CHILLÁN VIEJO,65.75641025641026
16103008,EDUARDO FREI,ÑUBLE,CHILLÁN VIEJO,57.894230769230774
16202001,LA RANITA,ÑUBLE,COBQUECURA,37.113247863247864
16302001,ILUSIONES DE NIÑOS,ÑUBLE,COIHUECO,60.49893162393162
16302002,SEMILLITAS DEL PORVENIR,ÑUBLE,COIHUECO,67.13034188034189
16302003,ESTACIÓN DE TERNURA,ÑUBLE,COIHUECO,55.827777777777776
16302004,MONTAÑA DE ESPERANZA,ÑUBLE,COIHUECO,53.12777777777779
16104001,SANTA ELVIRA,ÑUBLE,EL CARMEN,50.68333333333334
16104002,TÍA EDITH JANS,ÑUBLE,EL CARMEN,59.08760683760684
16104003,CONCEJAL EMILIO MARTINEZ,ÑUBLE,EL CARMEN,58.550000000000004
16104004,ILUSIONES,ÑUBLE,EL CARMEN,54.166666666666664
16104006,PARQUE SAN ANDRÉS,ÑUBLE,EL CARMEN,68.6111111111111
16204001,MIS PRIMEROS PASOS,ÑUBLE,NINHUE,88.22222222222221
16303001,LAS CHINITAS,ÑUBLE,ÑIQUÉN,78.65555555555555
16303002,ESPIGUITA,ÑUBLE,ÑIQUÉN,80.33333333333334
16303003,TRENCITO,ÑUBLE,ÑIQUÉN,57.13333333333333
16303004,LAS ESTRELLITAS,ÑUBLE,ÑIQUÉN,46.88541666666667
16303005,LAS CUNCUNITAS,ÑUBLE,ÑIQUÉN,66.71807359307358
16105001,PAPELUCHO,ÑUBLE,PEMUCO,6.65625
16105002,PASITOS,ÑUBLE,PEMUCO,75.06111111111112
16106001,EL REFUGIO,ÑUBLE,PINTO,55.982323232323225
16106002,CAPULLO DE ROSA,ÑUBLE,PINTO,44.43888888888889
16205001,PULGARCITO,ÑUBLE,PORTEZUELO,60.12626262626263
16205002,CAMPANITA,ÑUBLE,PORTEZUELO,76.13194444444444
16107002,CARICIAS DE BEBÉ,ÑUBLE,QUILLÓN,65.22649572649571
16107003,CARIÑOSITOS DEL PORTAL,ÑUBLE,QUILLÓN,73.31150793650794
16107004,RAYITO DE AMOR,ÑUBLE,QUILLÓN,79.05208333333333
16201001,SEMILLITAS DE AMOR,ÑUBLE,QUIRIHUE,81.47916666666666
16201002,ANTU CHOYUN ,ÑUBLE,QUIRIHUE,88.53518518518517
16206002,CAPULLITOS DE RANQUILL,ÑUBLE,RANQUIL,75.8875
16301001,CAPERUCITA ROJA,ÑUBLE,SAN CARLOS,43.26719576719577
16301002,VIOLETA PARRA,ÑUBLE,SAN CARLOS,53.17222222222223
16301003,PASITOS,ÑUBLE,SAN CARLOS,34.75555555555555
16301004,RAYITOS DE LUZ,ÑUBLE,SAN CARLOS,30.683760683760685
16301005,TRENCITO MÁGICO,ÑUBLE,SAN CARLOS,46.80555555555556
16301006,RAYITO DE LUNA,ÑUBLE,SAN CARLOS,68.2312748015873
16301007,BURBUJITAS DE TERNURA,ÑUBLE,SAN CARLOS,63.94570707070707
16301008,GOTITAS DE RÍO,ÑUBLE,SAN CARLOS,35.690972222222214
16301009,EL MANZANITO TORREÓN,ÑUBLE,SAN CARLOS,34.55902777777778
16304001,ARCO IRIS,ÑUBLE,SAN FABIÁN,75.68803418803418
16108003,RAYITO DE SOL,ÑUBLE,SAN IGNACIO,71.81837606837607
16305001,PULGARCITO,ÑUBLE,SAN NICOLÁS,86.80555555555554
16305002,LOS ENANITOS,ÑUBLE,SAN NICOLÁS,84.86538461538461
16207001,SEMILLITAS DE TREHUACO,ÑUBLE,TREHUACO,77.23290598290598
16207002,ARCOIRIS,ÑUBLE,TREHUACO,67.56140350877193
16109001,CAMPANITA,ÑUBLE,YUNGAY,65.9753086419753
16109002,ANGELITOS DE AMOR,ÑUBLE,YUNGAY,37.016666666666666
16109003,CUNCUNITA,ÑUBLE,YUNGAY,55.65384615384615
16109004,MUNDO DE AMOR,ÑUBLE,YUNGAY,66.72569444444444
16109005,PARQUE ESTADIO,ÑUBLE,YUNGAY,74.16005291005291
